,PID,Decade,PubCountDecade,PercentileRankDecade
0,361,1.0,24,0.3054901201336608
1,361,2.0,29,0.17515910002192991
2,533,1.0,20,0.5285775335775337
3,533,2.0,11,0.22650773583542153
4,671,1.0,42,0.3772595763409835
5,671,2.0,34,0.6363515837370644
6,1452,1.0,22,0.16983845519666188
7,1452,2.0,91,0.14839011576507805
8,1467,1.0,15,0.38756804428191
9,1467,2.0,36,0.11913269394816114
10,1635,1.0,23,0.45716683207758596
11,1635,2.0,19,0.5037147633174236
12,1733,1.0,3,0.5317444456314722
13,1733,2.0,4,0.28267673444946134
14,1775,1.0,12,0.10805977327793159
15,1775,2.0,16,0.0547477476002138
16,1912,1.0,11,0.23416633547157958
17,1912,2.0,23,0.19792901936279741
18,2101,1.0,7,0.27882804983823634
19,2101,2.0,16,0.06681629386033418
20,2102,1.0,14,0.1408679959511942
21,2102,2.0,28,0.14700729066244203
22,2193,1.0,22,0.07571625684321295
23,2193,2.0,12,0.23276394890928112
24,2230,1.0,27,0.3252902732073039
25,2230,2.0,59,0.4613712847376571
26,2358,1.0,10,0.060920142889596164
27,2358,2.0,27,0.07889729288088192
28,2450,1.0,42,0.3045673915684083
29,2450,2.0,57,0.2305135339503875
30,2631,1.0,12,0.10007073687174205
31,2631,2.0,37,0.032025109794209514
32,3232,1.0,36,0.24550473584762667
33,3232,2.0,80,0.16731251942797404
34,3244,1.0,1,0.3076923076923077
35,3319,1.0,27,0.2632764240267625
36,3319,2.0,43,0.23488759681567647
37,3371,1.0,41,0.32887719942918187
38,3371,2.0,38,0.1974258048710522
39,3438,1.0,7,0.12318862460815445
40,3438,2.0,43,0.46764527408059076
41,3439,1.0,10,0.4525944371412091
42,3439,2.0,28,0.35791715792234563
43,3934,1.0,10,0.27327668036544084
44,3934,2.0,34,0.049948512290376966
45,4047,1.0,19,0.3427702183882221
46,4047,2.0,56,0.153211429654444
47,4049,1.0,4,0.4114224149987432
48,4049,2.0,6,0.046905580084543215
49,4174,1.0,13,0.3814505511393679
50,4174,2.0,52,0.21781563172768692
51,4332,1.0,36,0.3767252937446546
52,4332,2.0,40,0.2174006421183146
53,4455,1.0,18,0.33697928020695145
54,4455,2.0,127,0.15957914606739204
55,4477,1.0,29,0.08167405395533676
56,4477,2.0,35,0.26102959852761326
57,4511,1.0,9,0.3308373361994161
58,4511,2.0,11,0.20057853667456615
59,4512,1.0,8,0.22846813679285585
60,4512,2.0,42,0.05125576538286944
61,4735,1.0,10,0.3659466938991086
62,4735,2.0,86,0.12017181550034935
63,5089,1.0,13,0.2263232153677372
64,5089,2.0,34,0.09273744889134146
65,5400,1.0,25,0.18787550038390022
66,5400,2.0,40,0.13493597066635307
67,5405,1.0,35,0.2125563533331881
68,5405,2.0,138,0.07601368529179994
69,5426,1.0,39,0.1995179968795099
70,5426,2.0,84,0.19539300683727925
71,5619,1.0,7,0.3732486900057726
72,5619,2.0,16,0.25990578653209756
73,5645,1.0,11,0.16073581994010971
74,5645,2.0,45,0.15818848504349153
75,5812,1.0,5,0.22697540967044513
76,5812,2.0,94,0.2037185034626515
77,5854,1.0,25,0.16380723180014453
78,5854,2.0,3,0.2232777198238054
79,5969,1.0,22,0.33651711401069384
80,5969,2.0,90,0.13742919729896902
81,5994,1.0,15,0.057770279550103484
82,5994,2.0,29,0.030485487176898817
83,8037,1.0,38,0.251041952460289
84,8037,2.0,54,0.182788570579784
85,8186,1.0,8,0.2422305225151198
86,8186,2.0,29,0.38597577630578445
87,8197,1.0,15,0.14998848161015438
88,8197,2.0,11,0.14885038272533757
89,9400,1.0,15,0.23999876680153104
90,9400,2.0,20,0.09331675625093576
91,13256,1.0,7,0.4441546863446189
92,13256,2.0,5,0.19509511941863059
93,14095,1.0,20,0.19246058111347303
94,14095,2.0,22,0.2261968833662199
95,14933,1.0,1,0.7842323651452282
96,14933,2.0,27,0.30153461558864114
97,19317,1.0,16,0.12569461728619943
98,19317,2.0,33,0.12335564363947357
99,19661,1.0,74,0.2012573565598485
100,19661,2.0,186,0.15673956398828037
101,20363,1.0,1,0.4634146341463415
102,25915,1.0,51,0.2578990305150908
103,25915,2.0,33,0.26776420455300937
104,27011,1.0,8,0.33857257632273263
105,27011,2.0,20,0.5015430611283223
106,29108,1.0,5,0.3735897435897436
107,29108,2.0,2,0.36947626841243864
108,30306,1.0,23,0.3086197344240038
109,30306,2.0,47,0.21774542076952433
110,33509,1.0,6,0.019497333334712093
111,33509,2.0,16,0.01663421908956624
112,33679,1.0,8,0.4353325107831784
113,33679,2.0,26,0.30716733287979586
114,36146,1.0,19,0.33605188126205027
115,36146,2.0,64,0.20574114843467695
116,37225,1.0,27,0.06826471358521535
117,37225,2.0,169,0.10893480960805024
118,37699,1.0,14,0.18462760439987227
119,37699,2.0,48,0.19934372452869475
120,40243,1.0,22,0.1529207984897972
121,40243,2.0,19,0.09848840048399268
122,41643,1.0,13,0.3779718579397917
123,41643,2.0,40,0.23243410112176072
124,48077,1.0,4,0.05194819050870605
125,48077,2.0,9,0.04436880338884887
126,48144,1.0,43,0.13534808259917327
127,48144,2.0,89,0.0959314324989589
128,48825,1.0,22,0.25539533263671194
129,48825,2.0,162,0.16224646568798093
130,48828,1.0,31,0.2843983580242753
131,48828,2.0,95,0.0673372174264397
132,49087,1.0,18,0.2819534041917967
133,49087,2.0,33,0.2255038959143385
134,49247,1.0,24,0.23602964649484415
135,49247,2.0,31,0.10521664068962042
136,49470,1.0,14,0.08564103261498593
137,49470,2.0,28,0.13405171049823042
138,49780,1.0,6,0.049904664994638644
139,49780,2.0,6,0.03200525955553526
140,49822,1.0,35,0.08777364352446186
141,49822,2.0,41,0.06992054919328693
142,49885,1.0,18,0.16609869334848978
143,49885,2.0,72,0.11040267782308452
144,50277,1.0,41,0.35066419174074676
145,50277,2.0,113,0.16234870844375754
146,50321,1.0,9,0.4292280064182897
147,50321,2.0,19,0.07512818286594784
148,51202,1.0,22,0.38180772673092805
149,51202,2.0,55,0.16169639911021116
150,51425,1.0,21,0.14698343379140416
151,51425,2.0,63,0.15062272320162323
152,52460,1.0,32,0.20220031135455976
153,52460,2.0,79,0.21311881622833295
154,52577,1.0,16,0.265481989363809
155,52577,2.0,15,0.13958949879505958
156,52666,1.0,35,0.17989845461471318
157,52666,2.0,121,0.1567827439219827
158,52768,1.0,6,0.46365561478808176
159,52768,2.0,46,0.1662926118385195
160,52814,1.0,1,0.5
161,52823,1.0,39,0.20707936530128931
162,52823,2.0,179,0.22206585477844448
163,52880,1.0,6,0.37002440673120035
164,52880,2.0,85,0.1992208737839866
165,53175,1.0,16,0.12701906277712777
166,53175,2.0,53,0.16369244832843408
167,53192,1.0,29,0.27049448351284994
168,53192,2.0,40,0.1058747782812663
169,53710,1.0,35,0.25707120183917226
170,53710,2.0,67,0.22350148117336333
171,53712,1.0,1,0.9
172,53712,2.0,7,0.22478385596017114
173,53777,1.0,75,0.1450623331268956
174,53777,2.0,120,0.13574897088642804
175,53779,1.0,107,0.2233651340364783
176,53779,2.0,249,0.20362464743129893
177,53897,1.0,15,0.3884277427660344
178,53897,2.0,6,0.1587930863990028
179,53949,1.0,37,0.0942847517524473
180,53949,2.0,48,0.11701869746584027
181,54091,1.0,48,0.06947083197572969
182,54091,2.0,276,0.10883585558435348
183,54289,1.0,108,0.115555920621573
184,54289,2.0,414,0.08148978898879303
185,54312,1.0,33,0.35400164638852366
186,54312,2.0,40,0.14173780199993988
187,55106,1.0,18,0.3203553734039059
188,55106,2.0,23,0.1178146234312604
189,55209,1.0,11,0.6201856929407845
190,55209,2.0,29,0.04826158894404086
191,55681,1.0,22,0.13806229998692657
192,55681,2.0,61,0.13528258877798802
193,55735,1.0,40,0.258974558846206
194,55735,2.0,123,0.15942138979908774
195,55823,1.0,33,0.12595898384918636
196,55823,2.0,63,0.09209919851051988
197,56090,1.0,8,0.16141498677958868
198,56090,2.0,119,0.04697038379145141
199,56093,1.0,15,0.144557380241967
200,56093,2.0,131,0.19960424318401926
201,56116,1.0,37,0.20015117236458127
202,56116,2.0,114,0.08515175678922735
203,56117,1.0,24,0.12491692844718207
204,56117,2.0,55,0.07183765690092725
205,56197,1.0,26,0.04865239492537465
206,56197,2.0,58,0.07430835653920925
207,56216,1.0,28,0.12968348177172664
208,56216,2.0,47,0.09277714308375358
209,56226,1.0,2,0.035932560590094836
210,56226,2.0,1,0.7088607594936709
211,56274,1.0,20,0.10686812362417482
212,56274,2.0,53,0.06039329585937144
213,56275,1.0,17,0.17003820634736394
214,56275,2.0,139,0.0997921772304267
215,56277,1.0,42,0.21516009890792848
216,56277,2.0,315,0.06273792010721455
217,56336,1.0,23,0.15279174587974295
218,56336,2.0,100,0.1339157429709956
219,56393,1.0,39,0.23408511520279587
220,56393,2.0,168,0.12825261294143311
221,56406,1.0,34,0.08108767601272789
222,56406,2.0,79,0.06860050033059069
223,56427,1.0,36,0.10031836803053097
224,56427,2.0,34,0.07157840888972333
225,56428,1.0,67,0.19248214361883031
226,56428,2.0,185,0.10793915854940225
227,56471,1.0,152,0.32411700320294107
228,56471,2.0,232,0.30606691218225235
229,56494,1.0,30,0.49128916309132875
230,56494,2.0,94,0.34542023015649437
231,56598,1.0,9,0.7361009361009361
232,56598,2.0,88,0.4961699154952162
233,56628,1.0,20,0.03770215929609229
234,56628,2.0,137,0.04475277073647367
235,56706,1.0,130,0.12044939900362478
236,56706,2.0,259,0.056144065088028654
237,56755,1.0,144,0.18517573419178848
238,56755,2.0,254,0.18223781867505
239,56922,1.0,10,0.04427879311180048
240,56922,2.0,100,0.07507084060664222
241,56984,1.0,24,0.13998370895036705
242,56984,2.0,86,0.14007481765051413
243,57001,1.0,72,0.1707968113484536
244,57001,2.0,239,0.10467073239075211
245,57022,1.0,83,0.28064289011751997
246,57022,2.0,279,0.2973849531455355
247,57042,1.0,49,0.15536000528282445
248,57042,2.0,112,0.09416924322384214
249,57051,1.0,26,0.3562637641840507
250,57051,2.0,115,0.16159597043003054
251,57133,1.0,25,0.33348964831486
252,57133,2.0,68,0.27707662470983824
253,57155,1.0,29,0.4668606588555044
254,57155,2.0,95,0.3553714949972881
255,57156,1.0,35,0.40410565683008887
256,57156,2.0,68,0.35384199528217125
257,57190,1.0,37,0.11239112165898667
258,57190,2.0,107,0.049629042158521194
259,57191,1.0,43,0.09623419232370818
260,57191,2.0,184,0.07214209545351244
261,57234,1.0,20,0.08422851396169664
262,57234,2.0,64,0.062476364324766394
263,57242,1.0,25,0.07866760588804336
264,57242,2.0,60,0.09314785072352313
265,57277,1.0,31,0.10276800563261752
266,57277,2.0,73,0.07739539042156178
267,57288,1.0,41,0.2244948966307011
268,57288,2.0,86,0.1601233213376058
269,57310,1.0,25,0.061209860145954274
270,57310,2.0,48,0.07381276955779097
271,57311,1.0,27,0.114677718186073
272,57311,2.0,131,0.11462339734738787
273,57356,1.0,36,0.1304393344901299
274,57356,2.0,223,0.12494429872613032
275,57362,1.0,60,0.09529820439540752
276,57362,2.0,116,0.05918679595859773
277,57411,1.0,28,0.11808220899727828
278,57411,2.0,46,0.1349332448527689
279,57412,1.0,66,0.09073137087285615
280,57412,2.0,211,0.1124048049098235
281,57414,1.0,5,0.21396166767821487
282,57414,2.0,10,0.07769435658102265
283,57440,1.0,45,0.09992159752914347
284,57440,2.0,66,0.07940434982592656
285,57453,1.0,2,0.250027502750275
286,57453,2.0,33,0.22264482715922793
287,57467,1.0,20,0.1457411075702832
288,57467,2.0,107,0.09896419254404894
289,57471,1.0,16,0.23036045642953537
290,57471,2.0,32,0.11172259584592592
291,57483,1.0,99,0.08231421060570522
292,57483,2.0,169,0.04342330879102664
293,57486,1.0,60,0.13042894801721017
294,57486,2.0,180,0.13275241994070497
295,57487,1.0,84,0.1393450991828043
296,57487,2.0,428,0.23036655506733705
297,57488,1.0,54,0.1668900136409828
298,57488,2.0,104,0.11189702153751037
299,57512,1.0,24,0.4263696701751565
300,57512,2.0,76,0.2569008254003917
301,57513,1.0,18,0.40581700360965606
302,57513,2.0,30,0.19294261635202783
303,57532,1.0,31,0.28830110047170343
304,57532,2.0,34,0.21428894162192594
305,57560,1.0,9,0.1644160298032933
306,57560,2.0,62,0.2425004857100037
307,57679,1.0,11,0.4077314555806279
308,57679,2.0,36,0.29227395404040485
309,57792,1.0,24,0.1301633386271799
310,57792,2.0,60,0.109648458918884
311,57925,1.0,47,0.11116170518371499
312,57925,2.0,120,0.112253951052405
313,58275,1.0,2,0.17982982982982984
314,58275,2.0,54,0.15135877777743761
315,58310,1.0,41,0.13208764809194795
316,58310,2.0,55,0.07445295228525949
317,58365,1.0,11,0.19199002331228462
318,58365,2.0,40,0.0627324635772891
319,58844,1.0,36,0.034896340572090206
320,58844,2.0,42,0.028986900822681922
321,58873,1.0,1,1.0
322,59074,1.0,4,0.42052245999614424
323,59074,2.0,4,0.381914433880726
324,59121,1.0,90,0.09984728408630544
325,59121,2.0,130,0.16471338146710604
326,59132,1.0,6,0.13479026546817394
327,59132,2.0,28,0.04502008442055246
328,59191,1.0,32,0.20782206661645533
329,59191,2.0,89,0.07876114867927765
330,59192,1.0,16,0.22082180408686675
331,59192,2.0,125,0.14170921740645895
332,59204,1.0,3,0.2701985736768121
333,59204,2.0,55,0.12291179638689025
334,59250,1.0,13,0.4380631062738262
335,59250,2.0,69,0.19995444984887653
336,59305,1.0,31,0.28020510431447926
337,59305,2.0,55,0.29710674391601827
338,59390,1.0,75,0.09268357511836213
339,59390,2.0,63,0.03771250740947128
340,59398,1.0,32,0.20402005735409665
341,59398,2.0,64,0.057566089242668574
342,59418,1.0,5,0.111312090790048
343,59418,2.0,33,0.08554237005562329
344,59422,1.0,12,0.24791678446547424
345,59422,2.0,133,0.13839804382566537
346,59880,1.0,25,0.2023237438536093
347,59880,2.0,76,0.05589941492288228
348,59976,1.0,33,0.26292010349275535
349,59976,2.0,31,0.22288906971370098
350,60012,1.0,31,0.2859115590340801
351,60012,2.0,82,0.3757736883218786
352,60155,1.0,45,0.04527070978678786
353,60155,2.0,68,0.04019377495547369
354,60793,1.0,19,0.19207031051775908
355,60793,2.0,23,0.14870900482358967
356,60862,1.0,22,0.1489953367504355
357,60862,2.0,33,0.1156990314088318
358,60870,1.0,18,0.2407308846050948
359,60870,2.0,45,0.16234722951974354
360,61209,1.0,6,0.01974316855829164
361,61209,2.0,6,0.024855248981536526
362,61526,1.0,22,0.46341464097023766
363,61526,2.0,65,0.26208222970771566
364,61626,1.0,6,0.0995292382520269
365,61626,2.0,13,0.11284873998990576
366,61646,1.0,42,0.1911793583833457
367,61646,2.0,30,0.11533365099653071
368,61696,1.0,38,0.06277449940491696
369,61696,2.0,73,0.03431038378048621
370,61791,1.0,49,0.1869285296957918
371,61791,2.0,188,0.18118001941242753
372,62488,1.0,1,1.0
373,62504,1.0,37,0.3728334837719972
374,62504,2.0,61,0.31567464561553515
375,62505,1.0,23,0.15780371367851243
376,62505,2.0,71,0.23816196699379574
377,62521,1.0,4,0.38215596113940764
378,62521,2.0,20,0.31287580214548566
379,62585,1.0,21,0.19883251913105104
380,62585,2.0,77,0.12427856936532093
381,62619,1.0,13,0.14614206250943204
382,62619,2.0,51,0.09436996652043028
383,62640,1.0,12,0.7992749271496046
384,62640,2.0,16,0.42598125695787004
385,62645,1.0,21,0.14812627445209842
386,62645,2.0,43,0.21005465243381588
387,62661,1.0,34,0.25037978820324647
388,62661,2.0,78,0.1461491031331518
389,62720,1.0,12,0.29235663601285317
390,62720,2.0,20,0.11073929788947139
391,62733,1.0,18,0.11399351817930706
392,62733,2.0,63,0.057944556247200824
393,62831,1.0,101,0.08075622600962158
394,62831,2.0,139,0.05830374708597687
395,62996,1.0,27,0.10658371357143252
396,62996,2.0,84,0.08246256150395946
397,63077,1.0,38,0.033573453567741704
398,63077,2.0,56,0.04180465257915279
399,63153,1.0,15,0.07454561724095773
400,63153,2.0,71,0.06991866976734855
401,63187,1.0,31,0.09653453391125909
402,63187,2.0,62,0.09414235240269352
403,63208,1.0,27,0.22847886754839064
404,63208,2.0,81,0.05324111341368021
405,63222,1.0,25,0.2147391228908778
406,63222,2.0,54,0.08569013671423255
407,63251,1.0,12,0.13887238256932652
408,63251,2.0,93,0.060393022443744906
409,63378,1.0,23,0.27857200383272235
410,63378,2.0,82,0.19942720693333216
411,63434,1.0,13,0.19710121769928274
412,63434,2.0,42,0.1307131668226481
413,63437,1.0,23,0.1480406179053167
414,63437,2.0,87,0.21842186233079317
415,63464,1.0,11,0.09173224024471792
416,63464,2.0,31,0.04265644230064708
417,63471,1.0,8,0.045101282931365706
418,63471,2.0,62,0.04886145054945732
419,63506,1.0,9,0.31679501930626064
420,63506,2.0,23,0.0797282267511654
421,63541,1.0,48,0.28453612147706137
422,63541,2.0,84,0.19860127885307208
423,63676,1.0,2,0.591056969346443
424,63676,2.0,24,0.30723477947899563
425,63919,1.0,48,0.0777532964140418
426,63919,2.0,109,0.03832499432587686
427,63942,1.0,7,0.042157522807300285
428,63942,2.0,25,0.10249762531715112
429,64114,1.0,13,0.23314939952081162
430,64114,2.0,16,0.08524222304713341
431,64341,1.0,10,0.24330849462740148
432,64341,2.0,51,0.15309985175505295
433,64560,1.0,3,0.46147640366715725
434,64560,2.0,33,0.12095431601224892
435,64680,1.0,18,0.3679682265728339
436,64680,2.0,35,0.15585804192384448
437,64685,1.0,64,0.1529065001865844
438,64685,2.0,340,0.12472031678379947
439,64702,1.0,54,0.08741514408500703
440,64702,2.0,435,0.1066991980470977
441,64707,1.0,18,0.13862087456974256
442,64707,2.0,103,0.08902340891940949
443,64729,1.0,10,0.01313335133844373
444,64729,2.0,33,0.026838208697460987
445,64938,1.0,8,0.1961703998093543
446,64938,2.0,29,0.22072736685212044
447,64951,1.0,19,0.19938322909593093
448,64951,2.0,67,0.18180045043504062
449,64969,1.0,13,0.259465170440966
450,64969,2.0,46,0.14048689435809056
451,65013,1.0,32,0.19377662948886798
452,65013,2.0,32,0.04179189170271849
453,65270,1.0,29,0.24833811836545228
454,65270,2.0,31,0.14219868612968495
455,65664,1.0,25,0.08877998416377053
456,65664,2.0,58,0.08934865983419395
457,65680,1.0,9,0.15520655677390405
458,65680,2.0,39,0.24369872895918113
459,65853,1.0,31,0.04952125454321853
460,65853,2.0,180,0.023521159154423554
461,66000,1.0,14,0.06484711343965761
462,66000,2.0,65,0.046945253480335916
463,66008,1.0,14,0.1187234098455565
464,66008,2.0,67,0.046380822332927715
465,66011,1.0,38,0.0891548015601646
466,66011,2.0,76,0.03598864029768781
467,66103,1.0,21,0.2548575421315335
468,66103,2.0,75,0.05780826938420951
469,66210,1.0,66,0.1427524659381223
470,66210,2.0,88,0.08051848988991152
471,66296,1.0,48,0.22866070843901157
472,66296,2.0,91,0.19363082720845132
473,66331,1.0,54,0.10505177476433959
474,66331,2.0,116,0.05955743279393745
475,66345,1.0,30,0.27567035445861054
476,66345,2.0,32,0.19550005418556368
477,66365,1.0,6,0.26384066358024694
478,66365,2.0,25,0.22075205807805875
479,66388,1.0,40,0.07158295682922453
480,66388,2.0,58,0.1404313679105516
481,66716,1.0,33,0.32127235761367506
482,66716,2.0,106,0.15260766573827983
483,66748,1.0,7,0.20801030535094858
484,66748,2.0,51,0.11921439087245654
485,66758,1.0,47,0.0642138253671901
486,66758,2.0,80,0.04096292631569135
487,66766,1.0,44,0.1585174457773329
488,66766,2.0,160,0.13148817419243725
489,66851,1.0,63,0.13480737688990568
490,66851,2.0,114,0.08624131128609504
491,67021,1.0,93,0.10120568015399499
492,67021,2.0,191,0.0943213030651261
493,67024,1.0,10,0.12409542077383248
494,67024,2.0,75,0.08769186235838802
495,67046,1.0,28,0.17593325881285576
496,67046,2.0,31,0.09970203672331358
497,67173,1.0,9,0.1505163864766254
498,67173,2.0,112,0.07759974296872998
499,67184,1.0,53,0.11340681022522126
500,67184,2.0,207,0.12797777243800984
501,67205,1.0,97,0.21771537029071344
502,67205,2.0,413,0.1135494748994451
503,67212,1.0,23,0.42848268954568913
504,67212,2.0,46,0.2133359793662317
505,67336,1.0,14,0.28442312732961256
506,67336,2.0,27,0.06678068472373443
507,67402,1.0,42,0.0743349287121246
508,67402,2.0,74,0.07414225669062238
509,67403,1.0,53,0.046722162683678445
510,67403,2.0,137,0.04805122388682463
511,67446,1.0,20,0.11673872805833156
512,67446,2.0,52,0.08459539566165354
513,67513,1.0,34,0.3135143970918001
514,67513,2.0,85,0.2048657745784937
515,67712,1.0,1,1.0
516,67764,1.0,31,0.41108063460249983
517,67764,2.0,33,0.26542972602610493
518,67838,1.0,33,0.19898823955970962
519,67838,2.0,46,0.09381068892422828
520,67849,1.0,1,0.7666666666666667
521,67849,2.0,2,0.10256410256410256
522,67919,1.0,17,0.17642745043563202
523,67919,2.0,65,0.10372877080730072
524,68061,1.0,9,0.8888888888888888
525,68061,2.0,10,0.46578754578754583
526,68075,1.0,33,0.12795913052660063
527,68075,2.0,98,0.07778223651582822
528,68095,1.0,26,0.08365400314533872
529,68095,2.0,35,0.10539851803785172
530,68115,1.0,17,0.2134621009147863
531,68115,2.0,34,0.19030160125220216
532,68207,1.0,42,0.15011181498387005
533,68207,2.0,100,0.2523290222552227
534,68228,1.0,7,0.8095238095238095
535,68267,1.0,6,0.12834107724640767
536,68267,2.0,8,0.016471747356115934
537,68387,1.0,19,0.11719856837113596
538,68387,2.0,71,0.10198926846677167
539,68400,1.0,22,0.10307308065577159
540,68400,2.0,38,0.032252179092712954
541,68422,1.0,52,0.1410435646414387
542,68422,2.0,180,0.05362825866786337
543,68429,1.0,45,0.10334167941289854
544,68429,2.0,74,0.10215023385494146
545,68488,1.0,27,0.11102694744333458
546,68488,2.0,54,0.12742202106775377
547,68491,1.0,126,0.04657028060676544
548,68491,2.0,244,0.02610653548061193
549,68493,1.0,14,0.07148206801672671
550,68493,2.0,44,0.06617854791590058
551,68592,1.0,9,0.28070643218720254
552,68592,2.0,48,0.1246337664977556
553,68623,1.0,14,0.1892952491782122
554,68623,2.0,13,0.11276184638056908
555,68627,1.0,10,0.09140927907805205
556,68627,2.0,19,0.10232497258849926
557,68710,1.0,1,0.0078125
558,68710,2.0,9,0.21468039356309226
559,68784,1.0,3,0.4546800230153445
560,68784,2.0,2,0.14051452168634526
561,68980,1.0,32,0.4560962481515319
562,68980,2.0,79,0.28802772651125513
563,68999,1.0,21,0.06840916742070136
564,68999,2.0,53,0.12887141606222494
565,69085,1.0,8,0.10244747170040809
566,69085,2.0,58,0.051431148505820964
567,69243,1.0,17,0.20436456378981463
568,69243,2.0,31,0.1079096942535557
569,69365,1.0,30,0.027367721267938218
570,69365,2.0,21,0.02510972460445714
571,69369,1.0,33,0.04937839223473501
572,69369,2.0,105,0.03229554005069332
573,69446,1.0,31,0.08285324144944374
574,69446,2.0,45,0.0866340056918325
575,69552,1.0,17,0.057522883315252724
576,69552,2.0,11,0.013679632533117346
577,69553,1.0,25,0.10952616263594278
578,69553,2.0,10,0.031065071969246565
579,69788,1.0,21,0.07885598447087637
580,69788,2.0,88,0.043451181600811226
581,69989,1.0,29,0.1203692882764193
582,69989,2.0,48,0.07528995141381326
583,73515,1.0,44,0.3093215352770761
584,73515,2.0,103,0.33147236151635723
585,77101,1.0,22,0.11498522073407248
586,77101,2.0,40,0.01927002308642844
587,77685,1.0,82,0.11197222343170654
588,77685,2.0,132,0.08356396188634538
589,77723,1.0,13,0.00621752417000793
590,77723,2.0,16,0.00507234707207603
591,80224,1.0,25,0.14065709362942452
592,80224,2.0,82,0.18324383019786966
593,80701,1.0,1,0.00646551724137931
594,80701,2.0,31,0.03267223703268035
595,83946,1.0,25,0.10006642297641291
596,83946,2.0,31,0.1319580582458711
597,84975,1.0,46,0.1356239385418962
598,84975,2.0,55,0.07081978223565769
599,87768,1.0,44,0.14263336904522939
600,87768,2.0,232,0.06186830773968526
601,89583,1.0,10,0.2652376433647564
602,89583,2.0,35,0.2574934198900042
603,91149,1.0,11,0.03520992781645544
604,91149,2.0,56,0.04107410955078365
605,91764,1.0,64,0.11121310785922064
606,91764,2.0,252,0.09900483887447725
607,91870,1.0,25,0.2319208161047322
608,91870,2.0,128,0.2823677150541805
609,92486,1.0,48,0.27258390077745764
610,92486,2.0,86,0.10505726583251411
611,92542,1.0,8,0.09103496119963936
612,92542,2.0,138,0.10953250310048296
613,92752,1.0,43,0.48433099221226195
614,92752,2.0,103,0.2795309166045605
615,92782,1.0,9,0.3266083688171879
616,92782,2.0,44,0.1780252743683018
617,93347,1.0,26,0.06872147480959065
618,93347,2.0,110,0.05435977376329656
619,93431,1.0,12,0.16344454043848702
620,93431,2.0,24,0.11461054925575208
621,93447,1.0,34,0.14045393394152514
622,93447,2.0,132,0.10298949768057646
623,93449,1.0,1,0.3723404255319149
624,93449,2.0,5,0.49941568560484306
625,94935,1.0,2,0.12187280804302081
626,94935,2.0,35,0.10050042989578035
627,95006,1.0,37,0.10191675831760541
628,95006,2.0,118,0.11428590896259594
629,95767,1.0,12,0.148798539516915
630,95767,2.0,55,0.08376366497403698
631,96498,1.0,9,0.07200427868385888
632,96498,2.0,61,0.028879258948690333
633,96667,1.0,5,0.1187689985659602
634,96667,2.0,60,0.1119450575481639
635,97002,1.0,23,0.1441836826295779
636,97002,2.0,49,0.07600920180029173
637,97121,1.0,111,0.09042573226975485
638,97121,2.0,179,0.1151112535870063
639,97138,1.0,45,0.1625299923365485
640,97138,2.0,215,0.07064093918185335
641,97362,1.0,36,0.10146844151515937
642,97362,2.0,44,0.05177862069720896
643,97549,1.0,23,0.2099512360502238
644,97549,2.0,89,0.1035707354760963
645,97580,1.0,48,0.28848575188223013
646,97580,2.0,108,0.17588402876738604
647,97581,1.0,56,0.1536332169924992
648,97581,2.0,198,0.07353189125730338
649,97628,1.0,24,0.13889114281053802
650,97628,2.0,134,0.11475005142607879
651,100110,1.0,29,0.049289543880997586
652,100110,2.0,60,0.04983125863561951
653,100187,1.0,45,0.05605383150478944
654,100187,2.0,81,0.07595907618958034
655,100499,1.0,62,0.04938532038785847
656,100499,2.0,105,0.060837937413572026
657,100505,1.0,45,0.09621425546105347
658,100505,2.0,74,0.04230026447754767
659,101503,1.0,4,0.13701411408878772
660,101503,2.0,24,0.06866566532712466
661,102267,1.0,15,0.06255910891780901
662,102267,2.0,17,0.035865264832317736
663,103037,1.0,11,0.1232055660448641
664,103037,2.0,44,0.06504764428717476
665,103149,1.0,69,0.0781823738232795
666,103149,2.0,158,0.08688534157430518
667,103295,1.0,34,0.029974432227093048
668,103295,2.0,97,0.022568506825413868
669,103490,1.0,37,0.31270454279994997
670,103490,2.0,42,0.12089622288106014
671,104426,1.0,19,0.12003027738212686
672,104426,2.0,18,0.3048536310599201
673,106684,1.0,43,0.15086407490253617
674,106684,2.0,60,0.16369041126281828
675,107884,1.0,11,0.24499430931141533
676,107884,2.0,38,0.07507729043971402
677,115284,1.0,92,0.3389819746486177
678,115284,2.0,121,0.3526008503450822
679,115291,1.0,98,0.06577391750206305
680,115291,2.0,257,0.08174950019085336
681,117049,1.0,43,0.14336315686397105
682,117049,2.0,207,0.05944165590409801
683,117064,1.0,38,0.1268973998038464
684,117064,2.0,141,0.08768913225530477
685,121456,1.0,23,0.11354987744312353
686,121456,2.0,48,0.1119808011022851
687,121871,1.0,14,0.14887439850052506
688,121871,2.0,23,0.052391416275034984
689,124982,1.0,35,0.32855492352241816
690,124982,2.0,53,0.1918054421626523
691,128807,1.0,11,0.18097050844364154
692,128807,2.0,51,0.1156021503924237
693,129298,1.0,23,0.3938785521073677
694,129298,2.0,67,0.27121985625879474
695,129710,1.0,25,0.14224387810962205
696,129710,2.0,44,0.044045554976023756
697,134763,1.0,3,0.09467301668622885
698,134763,2.0,11,0.028387968662659028
699,134953,1.0,12,0.05385260258063997
700,134953,2.0,30,0.05011443528141352
701,135238,1.0,26,0.07898502988873303
702,135238,2.0,42,0.16648034017883748
703,135315,1.0,30,0.17204991289510757
704,135315,2.0,138,0.12457323753803869
705,135699,1.0,5,0.210829414292195
706,135699,2.0,68,0.11032945039352081
707,135907,1.0,20,0.02956803082167936
708,135907,2.0,23,0.038575094376520534
709,136506,1.0,24,0.29821500767022496
710,136506,2.0,22,0.01493147409159642
711,136713,1.0,6,0.3022403320610537
712,136713,2.0,12,0.2582919848102683
713,137725,1.0,8,0.16036184256332767
714,137725,2.0,10,0.1271852008960055
715,138450,1.0,21,0.5890994907000507
716,138450,2.0,42,0.29907175102801464
717,139255,1.0,24,0.040921105548034124
718,139255,2.0,23,0.05001411005217995
719,139536,1.0,1,0.007692307692307693
720,140336,1.0,6,0.2849359719719832
721,140336,2.0,14,0.2145758855109292
722,141668,1.0,6,0.10924851093405981
723,141668,2.0,40,0.037586409365987825
724,142064,1.0,45,0.02735128653567958
725,142064,2.0,336,0.01858945276299177
726,142442,1.0,17,0.05539358355475693
727,142442,2.0,81,0.03213216710986746
728,142616,1.0,12,0.11409424015239182
729,142616,2.0,3,0.02428229276396816
730,142827,1.0,8,0.04952874378811703
731,142827,2.0,15,0.0893457723247856
732,143725,1.0,21,0.057371672439024905
733,143725,2.0,60,0.062277854610566646
734,144041,1.0,74,0.03478509462640599
735,144041,2.0,624,0.02814954394150514
736,144057,1.0,5,0.03615736881663732
737,144057,2.0,17,0.032467364540191834
738,145306,1.0,5,0.04050797434815082
739,145306,2.0,29,0.055885362530549015
740,145336,1.0,12,0.036500421964667094
741,145336,2.0,7,0.02275543389844503
742,145603,1.0,26,0.07691567080553138
743,145603,2.0,56,0.05321266398933445
744,146572,1.0,19,0.09686187910454025
745,146572,2.0,33,0.055723610748398864
746,147022,1.0,27,0.10955066867971988
747,147022,2.0,43,0.019329665076013833
748,147331,1.0,29,0.034967820719801056
749,147331,2.0,23,0.023229385238649605
750,147720,1.0,38,0.03634046397062614
751,147720,2.0,125,0.03438168455235563
752,148639,1.0,28,0.0823862532140308
753,148639,2.0,33,0.2081079313080401
754,150209,1.0,16,0.034460240957591225
755,150209,2.0,184,0.05268788988475594
756,150567,1.0,5,0.030261287768369997
757,150567,2.0,21,0.06389443337702934
758,150786,1.0,22,0.19971609999771953
759,150786,2.0,62,0.043348764297496636
760,154176,1.0,5,0.02917374520386231
761,154176,2.0,3,0.040649135831412234
762,155906,1.0,6,0.1784789984245548
763,155906,2.0,24,0.14527343006092439
764,156087,1.0,35,0.11805198347042266
765,156087,2.0,78,0.10138078308241479
766,156883,1.0,5,0.3490285703939177
767,156883,2.0,22,0.026366602397217002
768,157430,1.0,8,0.034491539795189305
769,157430,2.0,17,0.01660797206108138
770,158971,1.0,115,0.09135046166353164
771,158971,2.0,103,0.038358617935731025
772,159018,1.0,27,0.15002183079524037
773,159018,2.0,123,0.10189717603270973
774,160184,1.0,19,0.4755274752142579
775,160184,2.0,25,0.2977137920427938
776,160731,1.0,21,0.4220017572588028
777,160731,2.0,32,0.23578998762220596
778,162951,1.0,91,0.07267906012765624
779,162951,2.0,98,0.11391722773370017
780,164210,1.0,19,0.061466893430217245
781,164210,2.0,58,0.09482999837501706
782,164273,1.0,30,0.10586253563109052
783,164273,2.0,122,0.043430106381087415
784,164880,1.0,20,0.2741235970874547
785,164880,2.0,29,0.1957752468653886
786,165339,1.0,2,0.3333333333333333
787,165340,1.0,21,0.33649320987706044
788,165340,2.0,41,0.2444082949040598
789,165746,1.0,47,0.13951764368716113
790,165746,2.0,153,0.063221976044549
791,165765,1.0,15,0.07135914276889362
792,165765,2.0,53,0.09057929931934514
793,165766,1.0,37,0.10181011438422734
794,165766,2.0,74,0.04149028568249123
795,166149,1.0,16,0.1154551910038833
796,166149,2.0,23,0.17526182750680472
797,166157,1.0,67,0.19277938970152936
798,166157,2.0,210,0.09385929243013522
799,166736,1.0,39,0.21287599632948442
800,166736,2.0,92,0.16949508689029472
801,167087,1.0,20,0.04552212858028391
802,167087,2.0,69,0.07091838595034738
803,167111,1.0,6,0.2406666532475911
804,167111,2.0,53,0.03530254613935539
805,167366,1.0,78,0.15905234539989793
806,167366,2.0,146,0.08299375407573595
807,169073,1.0,26,0.17142990314383388
808,169073,2.0,65,0.13461917664127065
809,169683,1.0,99,0.13792324559462937
810,169683,2.0,131,0.10087143312499312
811,169937,1.0,78,0.2523169991178357
812,169937,2.0,35,0.3302345811618473
813,170146,1.0,70,0.08341134199284382
814,170146,2.0,146,0.04659391909057108
815,170181,1.0,39,0.08956030547909596
816,170181,2.0,113,0.08268966235174367
817,170995,1.0,14,0.12303380791433385
818,170995,2.0,61,0.20029129776475948
819,170999,1.0,26,0.22287869809382627
820,170999,2.0,53,0.0734125299220843
821,172240,1.0,12,0.11842271737740773
822,172240,2.0,21,0.07866536690231876
823,173033,1.0,1,0.2287390029325513
824,173033,2.0,9,0.03315406749619144
825,173039,1.0,100,0.06587157664791107
826,173039,2.0,138,0.03079238524239577
827,174239,1.0,83,0.06424062643261724
828,174239,2.0,107,0.03520323713768684
829,174374,1.0,14,0.04471849202818533
830,174374,2.0,28,0.032541994732645664
831,174765,1.0,21,0.1702514015479221
832,174765,2.0,143,0.1071964475417594
833,174993,1.0,21,0.18952596494803356
834,174993,2.0,36,0.32109395898531834
835,175120,1.0,23,0.11557314988019565
836,175120,2.0,36,0.11087521637804593
837,175141,1.0,6,0.38134259829654105
838,175141,2.0,30,0.26070478801909186
839,175231,1.0,1,0.11538461538461539
840,175231,2.0,35,0.364985205754756
841,175259,1.0,80,0.4276652593934035
842,175259,2.0,112,0.38691859557690483
843,175895,1.0,37,0.24152899289534768
844,175895,2.0,83,0.3226314561083208
845,176700,1.0,39,0.18733017485962677
846,176700,2.0,56,0.06422095782674665
847,176703,1.0,26,0.2880120236102176
848,176703,2.0,65,0.2603157241349362
849,176719,1.0,22,0.16399066556492436
850,176719,2.0,40,0.22399130004522388
851,176755,1.0,60,0.06383006537327977
852,176755,2.0,111,0.08495310753521342
853,177522,1.0,113,0.04287636952350378
854,177522,2.0,303,0.03563353244777024
855,178051,1.0,83,0.16790600977672226
856,178051,2.0,342,0.10415286691238736
857,178094,1.0,80,0.15336034072753651
858,178094,2.0,80,0.20625574461826823
859,178189,1.0,47,0.2279026970028842
860,178189,2.0,100,0.18159174921777985
861,178225,1.0,79,0.10766230809774582
862,178225,2.0,326,0.05764278797038268
863,178296,1.0,29,0.09734466380665183
864,178296,2.0,74,0.01328601525158642
865,178686,1.0,20,0.20784147095468705
866,178686,2.0,17,0.1355712793709453
867,178705,1.0,1,1.0
868,178713,1.0,63,0.19026958118073212
869,178713,2.0,81,0.07396251786662278
870,178933,1.0,8,0.0988376037142062
871,178933,2.0,13,0.019439817239814604
872,179190,1.0,12,0.02112481602350726
873,179190,2.0,16,0.008920114943899752
874,179325,1.0,12,0.011529847409830136
875,179325,2.0,8,0.04093344430814523
876,179457,1.0,14,0.13692866423594063
877,179457,2.0,19,0.19144957439775223
878,180135,1.0,15,0.17498993067000948
879,180135,2.0,51,0.14122148685766855
880,180153,1.0,23,0.2699353867088727
881,180153,2.0,47,0.09558872808574581
882,180670,1.0,60,0.0851527449912046
883,180670,2.0,455,0.10273738728825195
884,180950,1.0,43,0.16550789764828472
885,180950,2.0,82,0.04863132674157979
886,180958,1.0,62,0.09409649812809848
887,180958,2.0,203,0.08561555833290727
888,181146,1.0,81,0.19021879519625973
889,181146,2.0,207,0.10622589545517461
890,181200,1.0,38,0.06796377485029943
891,181200,2.0,184,0.08724466369871504
892,181617,1.0,2,0.38009984506799793
893,181617,2.0,31,0.3847102275015002
894,181618,1.0,1,1.0
895,182569,1.0,28,0.362308912471567
896,182569,2.0,81,0.1155402006147343
897,182573,1.0,12,0.3293530834947556
898,182573,2.0,6,0.052504956107333106
899,182602,1.0,24,0.16765094902487146
900,182602,2.0,65,0.09889616308596547
901,183071,1.0,26,0.21591803780922267
902,183071,2.0,57,0.1513376472898538
903,183172,1.0,181,0.13411094334158138
904,183172,2.0,245,0.11872625445499156
905,183327,1.0,36,0.22554596844377117
906,183327,2.0,72,0.3200179187027034
907,183769,1.0,54,0.08584354535083892
908,183769,2.0,142,0.05315518831233455
909,184205,1.0,30,0.08314221595930395
910,184205,2.0,72,0.12423881260718443
911,184262,1.0,96,0.23033349475948575
912,184262,2.0,140,0.13176336464755556
913,184325,1.0,28,0.19592758047663808
914,184325,2.0,167,0.1632063747675631
915,184360,1.0,38,0.20812218951733522
916,184360,2.0,83,0.171091922278814
917,184439,1.0,17,0.21570863902698023
918,184439,2.0,113,0.059454261812344214
919,184601,1.0,1,1.0
920,185517,1.0,11,0.08479929758415804
921,185517,2.0,27,0.053176500086494584
922,185665,1.0,27,0.17773645235014385
923,185665,2.0,78,0.11287937998834373
924,186031,1.0,31,0.1128778418354898
925,186031,2.0,7,0.022295317566712585
926,186219,1.0,17,0.03906563703525358
927,186219,2.0,200,0.07992114050877207
928,187703,1.0,34,0.08668923445654829
929,187703,2.0,30,0.04936379313161942
930,187711,1.0,30,0.09220592413281821
931,187711,2.0,23,0.04115929630599955
932,187867,1.0,35,0.056820541098759385
933,187867,2.0,83,0.022515914015538662
934,187888,1.0,118,0.09038205461095271
935,187888,2.0,209,0.10089488031704111
936,188303,1.0,92,0.025273213412480126
937,188303,2.0,14,0.02728792941164857
938,188374,1.0,118,0.09361023449280446
939,188374,2.0,191,0.11294638075293006
940,188375,1.0,108,0.08039010742851337
941,188375,2.0,333,0.08955819893390629
942,190015,1.0,39,0.05240378426615104
943,190015,2.0,276,0.06370450668275135
944,190025,1.0,74,0.07101884369352478
945,190025,2.0,63,0.052652995081471525
946,190028,1.0,118,0.1404050049998112
947,190028,2.0,215,0.06585232043437408
948,190400,1.0,16,0.11154882940504929
949,190400,2.0,19,0.14207479971666834
950,190415,1.0,11,0.25652245172846305
951,190415,2.0,9,0.13247085594040328
952,190428,1.0,36,0.053986619534108965
953,190428,2.0,26,0.08529720109848492
954,190780,1.0,7,0.5461070102545968
955,190780,2.0,91,0.16511801811556637
956,190824,1.0,139,0.09443401231190177
957,190824,2.0,358,0.07030562382459796
958,191442,1.0,47,0.023115180544217368
959,191442,2.0,43,0.04803819217336063
960,192036,1.0,1,1.0
961,192141,1.0,18,0.38072184307410506
962,192141,2.0,19,0.1685096210353377
963,192950,1.0,25,0.2509435868616699
964,192950,2.0,66,0.20400424393377312
965,193170,1.0,5,0.42094142805572404
966,193170,2.0,4,0.2120421798934884
967,193193,1.0,108,0.10628188075548888
968,193193,2.0,377,0.05935087863989929
969,193547,1.0,6,0.08853052232453847
970,193547,2.0,19,0.06638115984584501
971,195133,1.0,71,0.2010812651025531
972,195133,2.0,235,0.1470791086775711
973,195407,1.0,17,0.08281603890995202
974,195407,2.0,28,0.1065969550805549
975,195498,1.0,31,0.13481374399634588
976,195498,2.0,89,0.2033636721454619
977,195506,1.0,78,0.18460453032234103
978,195506,2.0,162,0.09833464590806656
979,195509,1.0,21,0.07630794145788149
980,195509,2.0,71,0.04075218808844922
981,195519,1.0,100,0.10037398018484564
982,195519,2.0,221,0.08344096870586425
983,195524,1.0,27,0.09683466231591373
984,195524,2.0,176,0.06140379846923585
985,195548,1.0,94,0.05315537368922301
986,195548,2.0,189,0.024072563531145667
987,196047,1.0,5,0.42652024413516754
988,196047,2.0,2,0.41794871794871796
989,196063,1.0,33,0.35090015734812463
990,196063,2.0,59,0.24718092581750065
991,198199,1.0,17,0.3176698019079719
992,198199,2.0,28,0.11757917100900712
993,203574,1.0,40,0.15945097510542647
994,203574,2.0,95,0.23583503984814339
995,203613,1.0,19,0.060226223313976555
996,203613,2.0,58,0.022886872170853036
997,203637,1.0,41,0.10980743033194429
998,203637,2.0,31,0.20634156659348074
999,203701,1.0,10,0.09736912809951401
1000,203701,2.0,44,0.17903938925488674
1001,204067,1.0,12,0.19591996301472736
1002,204067,2.0,15,0.15063671703166606
1003,204324,1.0,8,0.218433687310417
1004,204324,2.0,16,0.18254725082782694
1005,204342,1.0,18,0.2894303072582337
1006,204342,2.0,53,0.08372068295362604
1007,204409,1.0,78,0.10611633383310161
1008,204409,2.0,236,0.05372749804898742
1009,205056,1.0,28,0.08027194436906379
1010,205056,2.0,88,0.06648915090199864
1011,205621,1.0,155,0.07072667002885936
1012,205621,2.0,110,0.07021419853450418
1013,212847,1.0,30,0.10630069679062874
1014,212847,2.0,80,0.08867414553009156
1015,213075,1.0,2,0.02394453276806218
1016,213075,2.0,19,0.04052057274381424
1017,213127,1.0,28,0.12694212890860587
1018,213127,2.0,62,0.20637404479747962
1019,213424,1.0,66,0.13173311041141414
1020,213424,2.0,127,0.12011192218827606
1021,213468,1.0,4,0.06926759102056215
1022,213468,2.0,15,0.3016652245991124
1023,213479,1.0,19,0.19471492843469984
1024,213479,2.0,104,0.09674697129311999
1025,213918,1.0,21,0.03967658570564962
1026,213918,2.0,30,0.06622761930924757
1027,213923,1.0,14,0.2477957542964098
1028,213923,2.0,19,0.09045378344866735
1029,213931,1.0,15,0.06388013613999455
1030,213931,2.0,47,0.019263915959340506
1031,214341,1.0,26,0.27639960276764775
1032,214341,2.0,50,0.15123522532554862
1033,214365,1.0,22,0.1821250845130342
1034,214365,2.0,58,0.1604530751266087
1035,214471,1.0,16,0.33326402930055316
1036,214471,2.0,35,0.205061374615165
1037,214478,1.0,22,0.07139805525728489
1038,214478,2.0,70,0.10492827256410782
1039,214497,1.0,36,0.19541431301701123
1040,214497,2.0,44,0.0657398555919623
1041,214502,1.0,13,0.3194514136312423
1042,214502,2.0,37,0.12164052396044615
1043,216677,1.0,19,0.09608268180280173
1044,216677,2.0,41,0.04219268532209588
1045,216691,1.0,33,0.04870166799925077
1046,216691,2.0,72,0.021507580537064162
1047,219489,1.0,25,0.055051293427509654
1048,219489,2.0,2,0.09322033898305085
1049,222078,1.0,18,0.022417096321710274
1050,222078,2.0,43,0.04319737103109162
1051,225398,1.0,7,0.1955189761357988
1052,225398,2.0,18,0.00870689475945962
1053,225743,1.0,24,0.24334623200275332
1054,225743,2.0,55,0.11105335149405274
1055,225787,1.0,110,0.21206904206904212
1056,225787,2.0,91,0.2385926122826418
1057,225968,1.0,14,0.1992765307511458
1058,225968,2.0,36,0.19871010057659835
1059,226083,1.0,15,0.19010754553961337
1060,226083,2.0,36,0.1789949914565152
1061,226112,1.0,33,0.33245796539619216
1062,226112,2.0,94,0.3614559319415499
1063,226226,1.0,2,0.006463954893274265
1064,226226,2.0,24,0.1425746616815368
1065,226228,1.0,23,0.07092211578340844
1066,226228,2.0,19,0.08178068388469754
1067,226230,1.0,91,0.06074784160459689
1068,226230,2.0,140,0.04877285122024514
1069,226250,1.0,3,0.015879895229313767
1070,226250,2.0,575,0.09273159414152422
1071,226405,1.0,13,0.13253599246703585
1072,226405,2.0,13,0.027614905987215548
1073,226415,1.0,48,0.14657437027164558
1074,226415,2.0,59,0.08287137329319819
1075,226828,1.0,13,0.37413823068769747
1076,226828,2.0,30,0.047967519320478894
1077,226852,1.0,67,0.027899748692312685
1078,226852,2.0,167,0.02480032749395574
1079,226868,1.0,12,0.07468270473751469
1080,226868,2.0,41,0.03053511349393502
1081,227080,1.0,7,0.5365079365079365
1082,227080,2.0,2,0.34896810506566606
1083,227279,1.0,13,0.2314320861114488
1084,227279,2.0,134,0.08932894416296136
1085,227301,1.0,77,0.05650164991445832
1086,227301,2.0,83,0.0558740428899598
1087,227370,1.0,11,0.06579778665473685
1088,227370,2.0,25,0.04511749901248236
1089,228476,1.0,1,0.010638297872340425
1090,228671,1.0,30,0.013818680244855042
1091,228671,2.0,41,0.012926061961362208
1092,230234,1.0,47,0.055139282286113624
1093,230234,2.0,50,0.08591635323062809
1094,230938,1.0,26,0.04579018087788427
1095,230938,2.0,60,0.028452391229424456
1096,230950,1.0,30,0.11911639064472167
1097,230950,2.0,20,0.10681616387177187
1098,233668,1.0,19,0.28806295822992123
1099,233668,2.0,29,0.07895056407311692
1100,233704,1.0,10,0.3248033334813022
1101,233704,2.0,18,0.11562369946427359
1102,233935,1.0,50,0.04873790428147297
1103,233935,2.0,298,0.062215801995481164
1104,234060,1.0,4,0.18956433637284698
1105,234060,2.0,14,0.09697690952601325
1106,234065,1.0,36,0.12206235499731014
1107,234065,2.0,158,0.11688348801804672
1108,234103,1.0,23,0.1689772094100974
1109,234103,2.0,42,0.17701988019094575
1110,234142,1.0,18,0.3225264133935642
1111,234142,2.0,49,0.1447595676010381
1112,234506,1.0,26,0.1847619538855434
1113,234506,2.0,25,0.08318536468877508
1114,234556,1.0,28,0.13474732243273982
1115,234556,2.0,44,0.08127771161935277
1116,234618,1.0,20,0.24735011176656937
1117,234618,2.0,49,0.06245432103219726
1118,234766,1.0,204,0.10858400911848619
1119,234766,2.0,422,0.09025659653964607
1120,234786,1.0,16,0.22734067376790176
1121,234786,2.0,225,0.13812728791271506
1122,234896,1.0,11,0.4634887285422652
1123,234896,2.0,8,0.24848355275111078
1124,235125,1.0,14,0.22417169639372553
1125,235125,2.0,38,0.2688955520676282
1126,235459,1.0,15,0.3859071635425527
1127,235459,2.0,9,0.148114857923434
1128,235477,1.0,50,0.16118058331517754
1129,235477,2.0,106,0.0734174720772191
1130,235888,1.0,20,0.13031399432561036
1131,235888,2.0,27,0.07126143761382703
1132,235909,1.0,14,0.17555108355633758
1133,235909,2.0,51,0.07226592181701254
1134,235977,1.0,25,0.04184538756625785
1135,235977,2.0,35,0.15566180680382982
1136,236052,1.0,17,0.0464695456162907
1137,236052,2.0,104,0.06962898028578965
1138,236079,1.0,4,0.1331511839708561
1139,236079,2.0,137,0.3635545161206036
1140,236090,1.0,31,0.3805093697598881
1141,236090,2.0,22,0.261368699147513
1142,238865,1.0,18,0.1146335481738816
1143,238865,2.0,58,0.05645520067707113
1144,247594,1.0,11,0.15929897899325104
1145,247594,2.0,11,0.04042349390730605
1146,248070,1.0,8,0.09272017070082879
1147,248070,2.0,56,0.03455665658542051
1148,248768,1.0,17,0.1280479511214962
1149,248768,2.0,29,0.057890535385675325
1150,249035,1.0,7,0.25916882001247304
1151,249035,2.0,42,0.26742481285553626
1152,249423,1.0,13,0.2843008509032423
1153,249423,2.0,16,0.09981143145354063
1154,249772,1.0,1,1.0
1155,249980,1.0,65,0.12951837248690878
1156,249980,2.0,159,0.04270435169830132
1157,249991,1.0,16,0.07351629050112513
1158,249991,2.0,107,0.05047567555400097
1159,249999,1.0,46,0.1359338573144281
1160,249999,2.0,224,0.07485904575013833
1161,250027,1.0,44,0.16080277679998353
1162,250027,2.0,119,0.09241350639319341
1163,250528,1.0,23,0.18211048045624284
1164,250528,2.0,32,0.3260055973216111
1165,250559,1.0,127,0.04650763477287574
1166,250559,2.0,196,0.049511027309572186
1167,250574,1.0,27,0.256024719876001
1168,250574,2.0,52,0.23593167642451454
1169,250993,1.0,5,0.08408450310604768
1170,250993,2.0,1,0.013944223107569721
1171,251184,1.0,69,0.12795893698294356
1172,251184,2.0,77,0.05710690271155707
1173,251186,1.0,1,0.05511811023622047
1174,251186,2.0,3,0.08165993346007604
1175,251206,1.0,16,0.023266672088395796
1176,251206,2.0,54,0.06091252080939818
1177,254104,1.0,30,0.2701178959282328
1178,254104,2.0,33,0.1480962268383227
1179,263432,1.0,26,0.17303035669292702
1180,263432,2.0,73,0.12905960046480114
1181,263518,1.0,6,0.09765448472345023
1182,263518,2.0,33,0.09211999920143522
1183,263520,1.0,3,0.07293201209836515
1184,263520,2.0,18,0.042152988684429904
1185,263531,1.0,7,0.093373119310394
1186,263531,2.0,17,0.2747310040827181
1187,263663,1.0,18,0.12472140947945223
1188,263663,2.0,15,0.11280084621228405
1189,263691,1.0,16,0.2632606296613795
1190,263691,2.0,19,0.13386480921411864
1191,263785,1.0,20,0.13464218840104808
1192,263785,2.0,66,0.17676030285179195
1193,263798,1.0,23,0.13505755888442622
1194,263798,2.0,73,0.07603569970928842
1195,263960,1.0,33,0.31647558933514675
1196,263960,2.0,111,0.23429164037829467
1197,264058,1.0,14,0.04079175154783382
1198,264058,2.0,25,0.035782699550664675
1199,264565,1.0,27,0.077081755099518
1200,264565,2.0,69,0.03914362630628296
1201,264598,1.0,22,0.2828509362499013
1202,264598,2.0,21,0.255438313634677
1203,264605,1.0,56,0.18495754661956706
1204,264605,2.0,128,0.12714667492801016
1205,267211,1.0,21,0.07480284314556118
1206,267211,2.0,129,0.060564683103819426
1207,271754,1.0,13,0.24778367564963924
1208,271754,2.0,35,0.18263551741984047
1209,272536,1.0,22,0.023297095960081723
1210,272536,2.0,41,0.048615749355371864
1211,272914,1.0,8,0.40962153542517965
1212,272914,2.0,26,0.19492004923310258
1213,273669,1.0,49,0.22047795143813703
1214,273669,2.0,67,0.18659640995199878
1215,273878,1.0,9,0.3252491338694253
1216,273878,2.0,27,0.14883963840577813
1217,273941,1.0,32,0.12627138516163072
1218,273941,2.0,61,0.09401139362214248
1219,273964,1.0,8,0.2061575612396379
1220,273964,2.0,26,0.19358309226827622
1221,273965,1.0,3,0.007998957759902694
1222,273965,2.0,11,0.025490202378451884
1223,284745,1.0,20,0.32702893587194193
1224,284745,2.0,33,0.16932282749706523
1225,286205,1.0,3,0.048003842330274236
1226,286205,2.0,17,0.004219717554162865
1227,286227,1.0,76,0.19066109728581332
1228,286227,2.0,84,0.16578568934890456
1229,286254,1.0,19,0.03009523319264937
1230,286254,2.0,100,0.035100901975350866
1231,286314,1.0,27,0.2559624465363811
1232,286314,2.0,97,0.07861566725083524
1233,286791,1.0,28,0.2102275772108084
1234,286791,2.0,61,0.30791962372230863
1235,286918,1.0,37,0.14308912488540632
1236,286918,2.0,104,0.1071941567476405
1237,286948,1.0,29,0.15174303141852868
1238,286948,2.0,48,0.1984633784064369
1239,287364,1.0,23,0.115918098795077
1240,287364,2.0,139,0.10615732286492383
1241,287563,1.0,10,0.23508163664400666
1242,287563,2.0,35,0.12052992493958666
1243,287580,1.0,37,0.06496173148103704
1244,287580,2.0,84,0.07386732161172481
1245,287592,1.0,46,0.1384706234925592
1246,287592,2.0,138,0.07602719482960629
1247,293609,1.0,75,0.1080975051234092
1248,293609,2.0,121,0.06637030982823425
1249,294594,1.0,33,0.21691536918048362
1250,294594,2.0,33,0.0670461569424442
1251,297426,1.0,28,0.1753200416031598
1252,297426,2.0,62,0.04208044152430786
1253,297522,1.0,53,0.06356981387247226
1254,297522,2.0,20,0.043773050008700534
1255,299907,1.0,21,0.08212355286633702
1256,299907,2.0,36,0.07126969939884113
1257,300518,1.0,6,0.35866971501308403
1258,300518,2.0,17,0.2660579193806818
1259,301057,1.0,21,0.07011465817175927
1260,301057,2.0,36,0.046148091742999206
1261,311978,1.0,16,0.09432786233354039
1262,311978,2.0,40,0.034142399320736
1263,344197,1.0,15,0.3883110156469259
1264,344197,2.0,31,0.13190841891079022
1265,344206,1.0,21,0.13883562507338118
1266,344206,2.0,56,0.07653474604390896
1267,344807,1.0,1,0.010638297872340425
1268,344807,2.0,61,0.17323026971742098
1269,345262,1.0,16,0.28325979089283915
1270,345262,2.0,17,0.21292777712431943
1271,345515,1.0,6,0.281211618127615
1272,345515,2.0,13,0.12452563237082934
1273,345533,1.0,14,0.12338578789167269
1274,345533,2.0,41,0.15776404964177265
1275,345615,1.0,10,0.1774230475607243
1276,345615,2.0,27,0.08512721271589763
1277,345790,1.0,55,0.2045714087737376
1278,345790,2.0,96,0.12483510457404366
1279,345799,1.0,28,0.3823946751693922
1280,345799,2.0,37,0.33264113437440523
1281,345840,1.0,18,0.26115369062901445
1282,345840,2.0,11,0.13359165558664243
1283,345842,1.0,22,0.05104428317887889
1284,345842,2.0,28,0.06438801083031549
1285,345925,1.0,20,0.16733542621503628
1286,345925,2.0,27,0.10812156042237175
1287,345979,1.0,3,0.024009384029983122
1288,345979,2.0,14,0.14697890129870647
1289,346854,1.0,5,0.1209039867463104
1290,346854,2.0,22,0.11615980574028538
1291,346893,1.0,81,0.011407777460557864
1292,346893,2.0,230,0.028578207546629278
1293,347681,1.0,14,0.07856977150808457
1294,347681,2.0,80,0.0496275269995956
1295,348619,1.0,20,0.1769581710599717
1296,348619,2.0,21,0.28268665871542736
1297,348802,1.0,17,0.14821199297492207
1298,348802,2.0,19,0.12581090055526606
1299,348834,1.0,44,0.06536764449800518
1300,348834,2.0,75,0.09400054615825303
1301,348846,1.0,13,0.27846317776559437
1302,348846,2.0,42,0.07373102643242535
1303,349022,1.0,34,0.13795178067673455
1304,349022,2.0,68,0.12113450576273237
1305,349034,1.0,43,0.022964121327063637
1306,349034,2.0,155,0.00910212182584796
1307,349124,1.0,23,0.15315006978506973
1308,349124,2.0,90,0.03853447803791224
1309,350627,1.0,16,0.19973626843470485
1310,350627,2.0,58,0.09447235330775966
1311,350648,1.0,15,0.23399017337303366
1312,350648,2.0,46,0.08654960321993352
1313,350799,1.0,28,0.2568988157600712
1314,350799,2.0,82,0.17576961973184194
1315,350857,1.0,2,1.0
1316,351051,1.0,20,0.038360774864636966
1317,351051,2.0,92,0.05735206303888949
1318,351152,1.0,68,0.07132919575492891
1319,351152,2.0,125,0.020669468895474396
1320,351180,1.0,35,0.06136376962686571
1321,351180,2.0,125,0.04795838610250362
1322,351241,1.0,9,0.08390884940905134
1323,351241,2.0,46,0.08091390373747728
1324,351337,1.0,16,0.04432532230946327
1325,351337,2.0,29,0.08454260827738513
1326,351386,1.0,23,0.08844977071530981
1327,351386,2.0,51,0.04278888136068481
1328,351414,1.0,32,0.25129474989176326
1329,351414,2.0,48,0.09687673558581482
1330,351501,1.0,27,0.12876482314204382
1331,351501,2.0,59,0.06229961046189381
1332,351626,1.0,101,0.030192904346603554
1333,351626,2.0,90,0.01737752309102033
1334,351656,1.0,3,0.06919799373398756
1335,351656,2.0,14,0.27724977084858765
1336,351679,1.0,46,0.09447394260657237
1337,351679,2.0,110,0.08588126838818885
1338,351714,1.0,18,0.20466646658026505
1339,351714,2.0,17,0.13576637190194218
1340,351763,1.0,7,0.14034084912170178
1341,351763,2.0,6,0.0952525983938549
1342,351764,1.0,14,0.3246598774992702
1343,351764,2.0,39,0.11980778850616719
1344,366259,1.0,33,0.07781532582180949
1345,366259,2.0,68,0.05213654408221511
1346,370041,1.0,3,0.34607335409339796
1347,370041,2.0,7,0.09647906143684751
1348,372119,1.0,4,0.13467037385716066
1349,372119,2.0,34,0.0700643235574576
1350,373583,1.0,4,0.04493455150166698
1351,373583,2.0,39,0.05320813463602377
1352,375639,1.0,42,0.11539275438172313
1353,375639,2.0,21,0.06569140556235178
1354,377076,1.0,15,0.0989985171390859
1355,377076,2.0,37,0.04641424972714314
1356,378865,1.0,20,0.40345106138804415
1357,378865,2.0,64,0.24530419092275393
1358,379578,1.0,19,0.2014359454825357
1359,379578,2.0,19,0.042453389445992924
1360,379583,1.0,3,0.5365721997300944
1361,379583,2.0,45,0.2387657827320238
1362,380194,1.0,64,0.10960484214375253
1363,380194,2.0,128,0.09686892898834827
1364,380223,1.0,20,0.07800308283551176
1365,380223,2.0,41,0.053899245614881394
1366,380256,1.0,42,0.09532340675561457
1367,380256,2.0,38,0.06104474632305363
1368,380268,1.0,26,0.16890857804863244
1369,380268,2.0,58,0.07926385305101159
1370,380315,1.0,71,0.1186743582738733
1371,380315,2.0,55,0.03836036828814521
1372,380321,1.0,24,0.016752149711784427
1373,380321,2.0,49,0.018022745988893533
1374,380332,1.0,12,0.12923091863317362
1375,380332,2.0,67,0.07385348565994761
1376,380367,1.0,90,0.1235143427360082
1377,380367,2.0,287,0.047601042099010414
1378,380845,1.0,9,0.14118348296321123
1379,380845,2.0,11,0.5137820512113831
1380,381174,1.0,13,0.18070308676274685
1381,381174,2.0,164,0.052248636708884764
1382,381193,1.0,49,0.13037640636153247
1383,381193,2.0,129,0.07328357023908452
1384,381218,1.0,48,0.21511128560530904
1385,381218,2.0,72,0.11796642757047443
1386,381283,1.0,18,0.04627094936719413
1387,381283,2.0,33,0.031960214758876684
1388,381297,1.0,28,0.10769928194662651
1389,381297,2.0,39,0.06754738273829629
1390,383619,1.0,20,0.1865529770352914
1391,383619,2.0,24,0.23729002665428467
1392,384208,1.0,2,0.04838709677419355
1393,384208,2.0,9,0.17314784782380965
1394,384576,1.0,36,0.379361089301234
1395,384576,2.0,52,0.1887060005541622
1396,384593,1.0,23,0.1691159304108249
1397,384593,2.0,42,0.1554851504241298
1398,384600,1.0,2,1.0
1399,384674,1.0,19,0.23614496207101943
1400,384674,2.0,93,0.11070414881338987
1401,384776,1.0,13,0.044048639770757805
1402,384776,2.0,7,0.05528615516554243
1403,384777,1.0,18,0.06014562942608522
1404,384777,2.0,135,0.17815412800064484
1405,384786,1.0,15,0.2601988113058243
1406,384786,2.0,22,0.10992975349377015
1407,384853,1.0,12,0.06122055211988922
1408,384853,2.0,74,0.031644947151216185
1409,384926,1.0,18,0.2578534008811306
1410,384926,2.0,52,0.12862918678700244
1411,384939,1.0,21,0.15556957199142052
1412,384939,2.0,50,0.06241708484795867
1413,392279,1.0,15,0.20307574144457757
1414,392279,2.0,28,0.2729508326381676
1415,392481,1.0,5,0.13260690546461776
1416,392481,2.0,55,0.24318603831862556
1417,393073,1.0,28,0.08161211782271824
1418,393073,2.0,59,0.04361231074778231
1419,393463,1.0,31,0.04723880774188875
1420,393463,2.0,64,0.0440465558226672
1421,393607,1.0,21,0.2893789376499477
1422,393607,2.0,36,0.1355000584986953
1423,393615,1.0,16,0.077895572474615
1424,393615,2.0,55,0.22300771944570322
1425,393644,1.0,12,0.06420508116942326
1426,393644,2.0,32,0.04005589331489226
1427,393713,1.0,1,0.08333333333333333
1428,393713,2.0,40,0.17328370221433698
1429,394130,1.0,15,0.1906102225368004
1430,394130,2.0,43,0.11256928693324722
1431,394916,1.0,23,0.23848828204196676
1432,394916,2.0,20,0.13167466518350907
1433,395031,1.0,6,0.16321936294899528
1434,395031,2.0,50,0.12629347020371537
1435,395885,1.0,97,0.07745465593822641
1436,395885,2.0,157,0.03381892966432773
1437,395946,1.0,42,0.04196352120301473
1438,395946,2.0,34,0.01261142538474395
1439,395983,1.0,15,0.16638484577905327
1440,395983,2.0,50,0.07596705184821938
1441,396113,1.0,23,0.137530981772871
1442,396113,2.0,22,0.09466643869111319
1443,396121,1.0,33,0.05713556776614278
1444,396121,2.0,48,0.0487781467697723
1445,397757,1.0,23,0.0898630561586517
1446,397757,2.0,70,0.08127455163498037
1447,397800,1.0,153,0.021031642748994814
1448,397800,2.0,338,0.017492757553325727
1449,397835,1.0,20,0.04109824058187383
1450,397835,2.0,133,0.038091250932526056
1451,397881,1.0,77,0.049482190117231824
1452,397881,2.0,113,0.023856641188213977
1453,398069,1.0,1,0.043243243243243246
1454,398069,2.0,18,0.3268192787457714
1455,398232,1.0,17,0.11809126040655
1456,398232,2.0,38,0.05189608394892126
1457,398782,1.0,41,0.07952910787707358
1458,398782,2.0,83,0.04839008652574382
1459,398814,1.0,10,0.02739558029053839
1460,398814,2.0,54,0.022478564636062265
1461,398847,1.0,36,0.02237318307525151
1462,398847,2.0,96,0.02866976892408142
1463,398849,1.0,29,0.04101244633952272
1464,398849,2.0,117,0.09826400723597262
1465,399341,1.0,16,0.062197951235917294
1466,399341,2.0,58,0.10841545876715458
1467,399345,1.0,1,0.4375
1468,399345,2.0,29,0.2656714150534154
1469,399576,1.0,27,0.21813460733842152
1470,399576,2.0,86,0.2503613083145471
1471,399582,1.0,21,0.04684866634514295
1472,399582,2.0,52,0.04871988290321995
1473,399590,1.0,69,0.11877086861757415
1474,399590,2.0,88,0.09944223113117419
1475,399634,1.0,8,0.09326265459995686
1476,399634,2.0,90,0.12237232787290934
1477,399638,1.0,10,0.24627139170287443
1478,399638,2.0,34,0.10855281098531765
1479,399691,1.0,32,0.02127636803355754
1480,399691,2.0,98,0.028463954906076887
1481,399701,1.0,31,0.10548214774189998
1482,399701,2.0,67,0.02939475366054159
1483,399803,1.0,5,0.15643912737508797
1484,399803,2.0,17,0.12771168196910776
1485,406292,1.0,3,0.21167830639284635
1486,406292,2.0,41,0.07208496400340983
1487,409592,1.0,13,0.21815167209746664
1488,409592,2.0,111,0.07318377279826054
1489,410793,1.0,21,0.028019881309682533
1490,410793,2.0,16,0.048872993795355514
1491,411181,1.0,66,0.0277437833793712
1492,411181,2.0,182,0.022779029282651925
1493,411529,1.0,16,0.08728316932684611
1494,411529,2.0,50,0.09577573208455613
1495,411888,1.0,55,0.07202874423579388
1496,411888,2.0,140,0.09580199234545358
1497,412383,1.0,10,0.0054488748047055394
1498,412383,2.0,125,0.016470319288209065
1499,412601,1.0,47,0.08568985160184439
1500,412601,2.0,106,0.05505969965083623
1501,412644,1.0,83,0.15064322363402302
1502,412644,2.0,125,0.08391465269156488
1503,412827,1.0,5,0.009690340141971987
1504,412827,2.0,51,0.08964827282623085
1505,412915,1.0,12,0.31491141051435934
1506,412915,2.0,34,0.08155071233038827
1507,413124,1.0,42,0.06745510041482815
1508,413124,2.0,166,0.07555336261207636
1509,413228,1.0,42,0.10561550072084883
1510,413228,2.0,174,0.10061758670584622
1511,414311,1.0,3,0.017232237064511925
1512,414311,2.0,33,0.09420391438770065
1513,415172,1.0,38,0.17233301791307393
1514,415172,2.0,31,0.17321114575959654
1515,415218,1.0,12,0.16514073164707
1516,415218,2.0,26,0.07260732653066806
1517,415300,1.0,94,0.056795358850246266
1518,415300,2.0,298,0.04760123864490176
1519,416119,1.0,15,0.17374055975157654
1520,416119,2.0,14,0.08629450956837602
1521,416134,1.0,34,0.1802954936844537
1522,416134,2.0,62,0.09378619308437953
1523,416220,1.0,18,0.045802914032940074
1524,416220,2.0,45,0.016869374235790803
1525,416292,1.0,4,0.007615479693481662
1526,416292,2.0,40,0.08366677919400387
1527,416371,1.0,25,0.12307146668918881
1528,416371,2.0,44,0.0889396060637196
1529,417174,1.0,27,0.08771679060385063
1530,417174,2.0,40,0.0363381792777494
1531,417390,1.0,12,0.02491566289428088
1532,417390,2.0,38,0.015325215707666023
1533,424054,1.0,11,0.033148893728193525
1534,424054,2.0,24,0.017147385027588495
1535,425300,1.0,11,0.04343127995301704
1536,425300,2.0,19,0.012641354452205206
1537,429457,1.0,61,0.0437173134466787
1538,429457,2.0,109,0.059825816719355676
1539,430430,1.0,32,0.11567940608659559
1540,430430,2.0,33,0.04721214564578453
1541,431409,1.0,54,0.12805896584282805
1542,431409,2.0,75,0.09805523721291544
1543,431440,1.0,25,0.08099592177314968
1544,431440,2.0,64,0.07086797710215686
1545,431463,1.0,144,0.03053844667335968
1546,431463,2.0,431,0.026594270517734678
1547,431520,1.0,133,0.0536332370667564
1548,431520,2.0,223,0.0487119356640318
1549,431753,1.0,17,0.08875917358932617
1550,431753,2.0,39,0.09260529063123295
1551,431754,1.0,125,0.04100957872818319
1552,431754,2.0,193,0.055837175755636556
1553,431827,1.0,17,0.15306247474039755
1554,431827,2.0,61,0.1386403381657486
1555,431894,1.0,17,0.03422758700716048
1556,431894,2.0,19,0.04795619502994492
1557,432787,1.0,83,0.06209395131052939
1558,432787,2.0,146,0.06154947345278874
1559,435026,1.0,1,0.08376963350785341
1560,436845,1.0,19,0.08573298667286532
1561,436845,2.0,21,0.06153493480555009
1562,437378,1.0,40,0.02984784936144605
1563,437378,2.0,156,0.0489403236044586
1564,437423,1.0,5,0.03407050251794707
1565,437423,2.0,16,0.019347174641713184
1566,437430,1.0,7,0.021006978409283485
1567,437430,2.0,260,0.03008918733962517
1568,437524,1.0,35,0.05911989781451067
1569,437524,2.0,49,0.01866420561948486
1570,437536,1.0,34,0.13700205446813418
1571,437536,2.0,40,0.1070094883503974
1572,437577,1.0,56,0.01789635071254151
1573,437577,2.0,56,0.007228633047120333
1574,437616,1.0,45,0.07283301973222082
1575,437616,2.0,140,0.056365351903699325
1576,437666,1.0,27,0.013746221109224688
1577,437666,2.0,75,0.023590497580589384
1578,437738,1.0,12,0.04364682618660765
1579,437738,2.0,59,0.02517685631460585
1580,437950,1.0,38,0.46540586385621446
1581,437950,2.0,34,0.2681852745425485
1582,437963,1.0,7,0.19697781452167415
1583,437963,2.0,40,0.10487708814277127
1584,437982,1.0,22,0.26482752737842136
1585,437982,2.0,34,0.19096955323918832
1586,438008,1.0,56,0.08950730221660912
1587,438008,2.0,78,0.0506725660032993
1588,438097,1.0,1,0.2946058091286307
1589,438097,2.0,22,0.04430971886021604
1590,438147,1.0,15,0.17190026240652373
1591,438147,2.0,14,0.06700473024118846
1592,438347,1.0,85,0.05375457911995845
1593,438347,2.0,243,0.054453118550510424
1594,438750,1.0,5,0.020543986320159885
1595,438750,2.0,30,0.04896756193151608
1596,443427,1.0,12,0.16046339489279215
1597,443427,2.0,57,0.06604118821475832
1598,443571,1.0,23,0.013332896246001072
1599,443571,2.0,103,0.024335124291603234
1600,443580,1.0,99,0.007628720955077694
1601,443580,2.0,61,0.018436812612948054
1602,443622,1.0,108,0.033070324713356684
1603,443622,2.0,864,0.09714897754039808
1604,443944,1.0,37,0.162387579003679
1605,443944,2.0,78,0.21881337236399537
1606,444098,1.0,18,0.15681649398260047
1607,444098,2.0,46,0.09645312487347797
1608,444117,1.0,21,0.07495663959577156
1609,444117,2.0,30,0.05440514937422102
1610,444155,1.0,6,0.04572273713664645
1611,444155,2.0,8,0.03315005246008119
1612,444170,1.0,1,0.5
1613,444200,1.0,35,0.23775546242612472
1614,444200,2.0,47,0.11685988520994638
1615,444212,1.0,126,0.06641314085451464
1616,444212,2.0,256,0.03363259306997805
1617,444468,1.0,12,0.21964344377889197
1618,444468,2.0,7,0.014951265523734132
1619,445394,1.0,14,0.07248794805294305
1620,445394,2.0,40,0.016947719179523306
1621,446401,1.0,83,0.03620937307476243
1622,446401,2.0,93,0.033806744694351284
1623,448103,1.0,39,0.08285042098540786
1624,448103,2.0,73,0.0684927397223415
1625,448222,1.0,47,0.1011878087885325
1626,448222,2.0,229,0.14342483860003263
1627,448776,1.0,59,0.0473792880092402
1628,448776,2.0,136,0.0643937366229804
1629,448932,1.0,16,0.036930006149871665
1630,448932,2.0,53,0.031358237512554045
1631,449349,1.0,76,0.03931786160336243
1632,449349,2.0,200,0.05872100341262956
1633,449370,1.0,72,0.17038978379365796
1634,449370,2.0,178,0.1362589120403385
1635,449380,1.0,8,0.08547044775919578
1636,449380,2.0,19,0.08632648483046587
1637,449392,1.0,30,0.04805583105146864
1638,449392,2.0,50,0.06203331965670184
1639,449484,1.0,4,0.18970374601562723
1640,449484,2.0,42,0.0749122849157368
1641,449554,1.0,7,0.1395703497412935
1642,449554,2.0,44,0.06477140156215128
1643,449567,1.0,19,0.10808805873352827
1644,449567,2.0,92,0.13397161696977325
1645,449669,1.0,1,0.16666666666666666
1646,456218,1.0,21,0.09392652593487182
1647,456218,2.0,68,0.030249057969772203
1648,456668,1.0,9,0.10672157515593662
1649,456668,2.0,21,0.0335546070251394
1650,456683,1.0,43,0.24819294532661024
1651,456683,2.0,133,0.16079524396237843
1652,456685,1.0,90,0.1238968441518514
1653,456685,2.0,108,0.10263635872545827
1654,456693,1.0,12,0.28193439892736916
1655,456693,2.0,20,0.1187205158106432
1656,459886,1.0,26,0.16139522682704152
1657,459886,2.0,59,0.03912011462779444
1658,459891,1.0,42,0.048084034217103847
1659,459891,2.0,331,0.027793668857092526
1660,459894,1.0,63,0.04739281174397542
1661,459894,2.0,107,0.01478563435322535
1662,459908,1.0,6,0.09662960535555494
1663,459908,2.0,59,0.037576279732333184
1664,459973,1.0,36,0.07926617398350379
1665,459973,2.0,61,0.056863516242800484
1666,460217,1.0,6,0.02963636264635661
1667,460217,2.0,34,0.0850609803634372
1668,460290,1.0,88,0.05043565356721828
1669,460290,2.0,41,0.026423397190453963
1670,460298,1.0,8,0.15514694355336983
1671,460298,2.0,19,0.1187016598045098
1672,460314,1.0,17,0.06569521312655084
1673,460314,2.0,30,0.025443058107459768
1674,460320,1.0,43,0.043282738805553056
1675,460320,2.0,52,0.033282829921057536
1676,460328,1.0,28,0.2944348235749511
1677,460328,2.0,65,0.23315764048681756
1678,460336,1.0,17,0.12105693769576936
1679,460336,2.0,25,0.04732505931186326
1680,460394,1.0,14,0.12192225738090823
1681,460394,2.0,34,0.04829093604725773
1682,460412,1.0,21,0.07923598634445606
1683,460412,2.0,41,0.11084122196820666
1684,460415,1.0,14,0.13593456465561643
1685,460415,2.0,96,0.16500335660014245
1686,461296,1.0,16,0.031102257222668878
1687,461296,2.0,22,0.013406631174324073
1688,465001,1.0,16,0.20215236857150654
1689,465001,2.0,42,0.12848948714616987
1690,466299,1.0,13,0.03814860113957432
1691,466299,2.0,24,0.009658450112649953
1692,471226,1.0,24,0.2393231507646236
1693,471226,2.0,34,0.07752200315394772
1694,472446,1.0,54,0.10027172587534114
1695,472446,2.0,296,0.1762349469059772
1696,473547,1.0,11,0.014843181509848176
1697,477008,1.0,4,0.09216519890677194
1698,477008,2.0,62,0.11912158589837306
1699,477108,1.0,44,0.0862372364432534
1700,477108,2.0,48,0.053367437247356514
1701,477289,1.0,69,0.1278314143227384
1702,477289,2.0,238,0.08634769402859244
1703,477500,1.0,19,0.16646941636094792
1704,477500,2.0,7,0.12130505348353186
1705,477512,1.0,16,0.1754549778854784
1706,477512,2.0,40,0.08938064069968005
1707,477673,1.0,17,0.061384032878239084
1708,477673,2.0,50,0.05512854838512437
1709,477789,1.0,21,0.05026999400918308
1710,477789,2.0,25,0.05772577891776476
1711,477798,1.0,12,0.22873633879799934
1712,477798,2.0,18,0.22741035550976108
1713,478221,1.0,9,0.30226360366261035
1714,478221,2.0,2,0.5579990779160904
1715,478592,1.0,42,0.10725632227328408
1716,478592,2.0,76,0.0711030324213859
1717,479059,1.0,20,0.03286096042447868
1718,479059,2.0,143,0.058486343505332127
1719,479223,1.0,31,0.08294089878934528
1720,479223,2.0,45,0.10718841559761362
1721,479226,1.0,50,0.07332503414825377
1722,479226,2.0,126,0.08887525004947366
1723,479724,1.0,17,0.20073103376324683
1724,479724,2.0,30,0.20516718321228272
1725,479726,1.0,18,0.08255097358373985
1726,479726,2.0,51,0.1934895174178648
1727,480199,1.0,31,0.13605747268638294
1728,480199,2.0,57,0.1404638259753133
1729,480567,1.0,22,0.16286637563696815
1730,480567,2.0,17,0.11807185144363726
1731,480575,1.0,26,0.27607962803247243
1732,480575,2.0,73,0.19186516511810223
1733,490907,1.0,24,0.3354735774888788
1734,490907,2.0,48,0.07206543914771796
1735,493998,1.0,12,0.09088895694510248
1736,493998,2.0,31,0.2657371347314288
1737,494006,1.0,18,0.04084136981742286
1738,494006,2.0,29,0.03998858515955976
1739,494010,1.0,13,0.1351161840619039
1740,494010,2.0,70,0.057800517755463764
1741,495833,1.0,25,0.13051563443781244
1742,495833,2.0,90,0.11841593339899043
1743,496671,1.0,20,0.07375200298543706
1744,496671,2.0,52,0.04005705362235785
1745,497044,1.0,51,0.17857553910180757
1746,497044,2.0,84,0.06248631758541106
1747,497395,1.0,76,0.04834175090300033
1748,497395,2.0,118,0.040358888480990326
1749,498006,1.0,16,0.24842116881285692
1750,498006,2.0,23,0.13086400316711796
1751,498023,1.0,18,0.04192608087712421
1752,498023,2.0,48,0.08032177163292752
1753,498220,1.0,42,0.1731658852736907
1754,498220,2.0,166,0.09498554834283797
1755,501765,1.0,5,0.26568424679273467
1756,501765,2.0,41,0.11055631725762904
1757,502137,1.0,25,0.15546101011468186
1758,502137,2.0,55,0.036003352580626695
1759,502438,1.0,31,0.15150223562237602
1760,502438,2.0,73,0.1354091665939859
1761,508843,1.0,21,0.3100566902143819
1762,508843,2.0,26,0.1332598077588152
1763,508900,1.0,33,0.13519426954439043
1764,508900,2.0,58,0.14837194572544854
1765,516067,1.0,16,0.22404154247590205
1766,516067,2.0,10,0.37731201242455303
1767,516235,1.0,115,0.12939117664352345
1768,516235,2.0,292,0.11206773419022412
1769,516445,1.0,15,0.22108887358644022
1770,516445,2.0,20,0.11261200733698981
1771,517054,1.0,14,0.022404303809697733
1772,517054,2.0,28,0.028411591359440044
1773,518994,1.0,25,0.10012811840253008
1774,518994,2.0,34,0.04303551693563384
1775,519045,1.0,1,0.20512820512820512
1776,519045,2.0,1,0.17704918032786884
1777,519478,1.0,23,0.02434421681446623
1778,519478,2.0,18,0.05746578659542015
1779,519711,1.0,49,0.06269091077094718
1780,519711,2.0,36,0.03825187451449736
1781,522608,1.0,4,0.4324634921766796
1782,522608,2.0,25,0.21963843464137056
1783,522965,1.0,9,0.4513576665093455
1784,522965,2.0,15,0.3118643276974943
1785,524227,1.0,13,0.21192750362943688
1786,524227,2.0,31,0.10069054311361025
1787,525530,1.0,1,0.02127659574468085
1788,525530,2.0,2,0.15442752033045049
1789,525535,1.0,15,0.10603283475858646
1790,525535,2.0,53,0.06998738881149724
1791,525630,1.0,2,0.05108979947689625
1792,526279,1.0,24,0.02885314319153808
1793,526279,2.0,50,0.025541764290470347
1794,529401,1.0,78,0.12039610722676737
1795,529401,2.0,47,0.10716504773830834
1796,529503,1.0,10,0.053060233362781116
1797,529503,2.0,21,0.08784439195233265
1798,529543,1.0,18,0.25507102890644606
1799,529543,2.0,37,0.17704983290030404
1800,530389,1.0,33,0.1310958586820649
1801,530389,2.0,51,0.09093104437334841
1802,532554,1.0,6,0.00929520723866841
1803,532554,2.0,5,0.029769815458612136
1804,532742,1.0,55,0.10984338612543562
1805,532742,2.0,151,0.055633262000875455
1806,533092,1.0,9,0.7295720611261236
1807,533092,2.0,38,0.28337294387146295
1808,536612,1.0,10,0.6650895095573495
1809,536612,2.0,15,0.4326720633366989
1810,538473,1.0,18,0.1155511513843053
1811,538473,2.0,47,0.09313681112866559
1812,538749,1.0,20,0.10327577528900414
1813,538749,2.0,36,0.0599856656280556
1814,539768,1.0,6,0.08593559958864301
1815,539768,2.0,17,0.05179794282524943
1816,540164,1.0,45,0.05074239507939009
1817,540164,2.0,57,0.02949418152715378
1818,541601,1.0,7,0.06007901459903688
1819,541601,2.0,11,0.053599110088975714
1820,542046,1.0,12,0.4275823372671908
1821,542046,2.0,18,0.22015394270066965
1822,542281,1.0,32,0.01998778504839652
1823,542281,2.0,74,0.017862658733000268
1824,544343,1.0,10,0.15547482245524827
1825,544343,2.0,46,0.07683433946557688
1826,545853,1.0,13,0.05293166433037631
1827,545853,2.0,32,0.03667432204837362
1828,547358,1.0,81,0.14147552093651114
1829,547358,2.0,184,0.07862880536688231
1830,551620,1.0,16,0.43122623981763586
1831,551620,2.0,21,0.20783696057305714
1832,552476,1.0,3,0.028222404096677794
1833,552476,2.0,8,0.04753906199414303
1834,552591,1.0,36,0.0581833744054217
1835,552591,2.0,22,0.05736751894887589
1836,557114,1.0,13,0.06990981427277489
1837,557114,2.0,11,0.1369829418470729
1838,557223,1.0,36,0.30912440479231656
1839,557223,2.0,30,0.2811807527089621
1840,558140,1.0,6,0.006949985051008314
1841,558140,2.0,12,0.007159259581851738
1842,559049,1.0,4,0.19380396912131964
1843,559049,2.0,2,0.3008601188466473
1844,560877,1.0,31,0.10234122446029656
1845,560877,2.0,45,0.05723936659932656
1846,561744,1.0,18,0.05037637827923799
1847,561744,2.0,36,0.047724562492861576
1848,565522,1.0,31,0.11507834716719016
1849,565522,2.0,62,0.13468144397162965
1850,566331,1.0,16,0.030774427499521542
1851,566331,2.0,21,0.022853431838537816
1852,566450,1.0,28,0.12159149406027892
1853,566450,2.0,72,0.10116269379028428
1854,568593,1.0,41,0.030506074512024202
1855,568593,2.0,84,0.016280580958997773
1856,573759,1.0,11,0.19575742668908236
1857,573759,2.0,33,0.2452464902556931
1858,574018,1.0,12,0.24253202131634485
1859,574018,2.0,74,0.06507217901282136
1860,574062,1.0,4,0.6145687420606311
1861,574062,2.0,14,0.14349597662833416
1862,577384,1.0,39,0.0819386179344178
1863,577384,2.0,111,0.12612603640892847
1864,578639,1.0,19,0.07971022712941304
1865,578639,2.0,60,0.05004894973678483
1866,578706,1.0,9,0.17350022076833213
1867,578706,2.0,6,0.06365144849743935
1868,578852,1.0,23,0.10298719165268025
1869,578852,2.0,33,0.08892928669249686
1870,582693,1.0,60,0.13415940699618129
1871,582693,2.0,29,0.1106515932348055
1872,583935,1.0,94,0.16907509884648722
1873,583935,2.0,264,0.1253255329662161
1874,587725,1.0,22,0.04151992451373168
1875,587725,2.0,48,0.013808364964046199
1876,587842,1.0,10,0.045049905281411805
1877,587842,2.0,45,0.030988083581576797
1878,588363,1.0,37,0.11224057238120412
1879,588363,2.0,60,0.07738652992077331
1880,588430,1.0,10,0.048088071816874384
1881,588430,2.0,43,0.06723478983623023
1882,588440,1.0,28,0.12829216005930147
1883,588440,2.0,71,0.050499295716437465
1884,588559,1.0,17,0.33542211028860397
1885,588559,2.0,14,0.1800626970743731
1886,590881,1.0,26,0.03872820715945346
1887,590881,2.0,48,0.021806003060615854
1888,591554,1.0,25,0.010984991588420406
1889,591554,2.0,38,0.015561591296413196
1890,594088,1.0,25,0.19876088109206283
1891,594088,2.0,46,0.09089721819063792
1892,595139,1.0,9,0.016062804464892926
1893,595139,2.0,18,0.008861935601254634
1894,601927,1.0,27,0.05894244066301363
1895,601927,2.0,68,0.06133485613348005
1896,605205,1.0,23,0.2889230193129349
1897,605205,2.0,69,0.31292224983450045
1898,606404,1.0,21,0.09585328008874607
1899,606404,2.0,20,0.054563767701836
1900,606744,1.0,21,0.15182957573434774
1901,606744,2.0,26,0.09644008426519747
1902,608559,1.0,14,0.09107686325615796
1903,608559,2.0,35,0.027003247733681103
1904,608560,1.0,12,0.3113979635855159
1905,608560,2.0,49,0.24515047629331266
1906,615626,1.0,10,0.09227760386667262
1907,615626,2.0,210,0.047385386162021655
1908,628422,1.0,18,0.11236315615970861
1909,628422,2.0,18,0.06214823091112182
1910,628544,1.0,11,0.058613123491741526
1911,628544,2.0,17,0.016322057682496713
1912,628663,1.0,39,0.014996853495865162
1913,628663,2.0,46,0.04630378753393318
1914,628738,1.0,29,0.14483191838264892
1915,628738,2.0,58,0.04046371360408819
1916,628815,1.0,27,0.36356411498421937
1917,628815,2.0,51,0.4016096562789802
1918,628841,1.0,11,0.2586549751803695
1919,628841,2.0,45,0.08620519507568113
1920,629858,1.0,44,0.14065303922548558
1921,629858,2.0,80,0.22540523752314048
1922,630778,1.0,10,0.014105404778796038
1923,630778,2.0,69,0.023955691282356844
1924,632816,1.0,10,0.29011209795967163
1925,632816,2.0,34,0.08695462699949222
1926,636271,1.0,17,0.05014370474215761
1927,636271,2.0,38,0.061421392760144786
1928,640994,1.0,15,0.2914355954865274
1929,640994,2.0,20,0.3087311157654564
1930,647274,1.0,7,0.07616395649583718
1931,647274,2.0,9,0.0542336823471104
1932,648235,1.0,14,0.14657575422797403
1933,648235,2.0,6,0.39476398612669067
1934,648474,1.0,24,0.33087030228421704
1935,648474,2.0,76,0.28648250574538503
1936,649137,1.0,23,0.3232666994082845
1937,649137,2.0,79,0.20980918839168555
1938,650411,1.0,2,0.12564960374171755
1939,650411,2.0,17,0.03298325132229695
1940,650709,1.0,1,0.3424657534246575
1941,650709,2.0,3,0.3550394917582418
1942,655338,1.0,11,0.16886229292350963
1943,655338,2.0,10,0.19968343273435218
1944,655916,1.0,10,0.36941811678124303
1945,655916,2.0,18,0.19296853279610518
1946,656758,1.0,22,0.28270360320810045
1947,656758,2.0,45,0.13634054938107426
1948,656847,1.0,34,0.07410405808810779
1949,656847,2.0,45,0.06459782325519549
1950,660508,1.0,66,0.3612688776857921
1951,660508,2.0,173,0.22688912703951536
1952,660910,1.0,14,0.04169260386167143
1953,660910,2.0,30,0.11525118133511425
1954,665283,1.0,12,0.2340757255655058
1955,665283,2.0,15,0.12529688988556872
1956,666050,1.0,12,0.03416155269865487
1957,666050,2.0,6,0.02239595197683973
1958,667322,1.0,3,0.7523809523809524
1959,667322,2.0,1,0.4383561643835616
1960,667784,1.0,5,0.020184043770237727
1961,667784,2.0,11,0.1025959492176245
1962,668114,1.0,18,0.09310338373979782
1963,668114,2.0,86,0.022281646030772206
1964,670608,1.0,17,0.10362056588897997
1965,670608,2.0,33,0.03965329354978518
1966,670963,1.0,114,0.043541060156622756
1967,670963,2.0,92,0.03706173495336163
1968,677518,1.0,17,0.08483387561264284
1969,677518,2.0,37,0.06764159258093431
1970,678273,1.0,10,0.0348706002590866
1971,678273,2.0,26,0.05871126515728953
1972,679856,1.0,18,0.15957618809252344
1973,679856,2.0,28,0.201313683895918
1974,686713,1.0,8,0.22781898138646864
1975,686713,2.0,19,0.05305558996544081
1976,686807,1.0,17,0.27301980817551325
1977,686807,2.0,33,0.11545329241829433
1978,689091,1.0,59,0.06863561509753133
1979,689091,2.0,20,0.04809282980830621
1980,689328,1.0,24,0.12973072358173213
1981,689328,2.0,58,0.10940542446424441
1982,690052,1.0,11,0.4432432206033717
1983,690052,2.0,91,0.07483521464998318
1984,694530,1.0,21,0.013088745808126655
1985,694530,2.0,21,0.02670967910445867
1986,717537,1.0,17,0.2622676897127833
1987,717537,2.0,78,0.11221668993594061
1988,717700,1.0,11,0.10603328593014805
1989,717700,2.0,23,0.028493048632442865
1990,723589,1.0,6,0.020437563641339074
1991,723589,2.0,1,0.008771929824561403
1992,728084,1.0,2,0.011591591591591592
1993,728084,2.0,55,0.14529831723201458
1994,730569,1.0,12,0.12901038185187944
1995,730569,2.0,35,0.05740150136163416
1996,732415,1.0,26,0.44641791600662634
1997,732415,2.0,76,0.4866664186236983
1998,738328,1.0,41,0.1923048573314309
1999,738328,2.0,149,0.24967700092124384
2000,738616,1.0,30,0.14320519092257958
2001,738616,2.0,46,0.19534014420514692
2002,743493,1.0,33,0.12871515609078596
2003,743493,2.0,59,0.11618345589266713
2004,749804,1.0,11,0.24681520319752878
2005,749804,2.0,51,0.0664397194382802
2006,750729,1.0,21,0.23123605876032066
2007,750729,2.0,63,0.07721153129209564
2008,750900,1.0,21,0.054445885225206464
2009,750900,2.0,65,0.06735766148296927
2010,752933,1.0,20,0.2246014172559366
2011,752933,2.0,86,0.14803572900571896
2012,754462,1.0,11,0.24006188062342584
2013,754462,2.0,30,0.2532379240037873
2014,756934,1.0,16,0.15169490600805852
2015,756934,2.0,29,0.1337241828327022
2016,757936,1.0,33,0.06347965268968171
2017,757936,2.0,59,0.08812293048820753
2018,761142,1.0,22,0.04143126661046109
2019,761142,2.0,43,0.01376935581440238
2020,761699,1.0,32,0.19710105995638122
2021,761699,2.0,63,0.04856680701875246
2022,761957,1.0,19,0.25295663256657425
2023,761957,2.0,22,0.07657470564312599
2024,769374,1.0,32,0.4618124672906922
2025,769374,2.0,72,0.3701761665818028
2026,770090,1.0,24,0.05550992838133669
2027,770090,2.0,32,0.0639846311002564
2028,771178,1.0,30,0.10490412128931514
2029,771178,2.0,199,0.07159002897059553
2030,772455,1.0,17,0.12613482526124634
2031,772455,2.0,103,0.09723673720448336
2032,774323,1.0,22,0.12717176029905383
2033,774323,2.0,17,0.061753926069606606
