PID,MinMaxYearSpecter
464804,0.07781331595756596
145204,0.18311310605297668
774445,0.15193066828155455
499507,0.28641540438517404
229450,0.16382082238017964
405085,0.043937238490223934
430014,0.1333246105651177
726300,0.1265052220620442
402058,0.28252320400199793
146971,0.15603417749835893
228476,0.18183569602715088
133300,0.09993706671456257
686743,0.25954795250507273
132290,0.1733818950840815
463675,0.2770939408235684
135701,0.19549082570553197
139374,0.3152120615553933
228671,0.2634714986723621
255590,0.14775287751992194
152258,0.10293597659448064
136772,0.20386259846900892
374194,0.2903653551731938
140997,0.13466739603719244
500187,0.27718650739749184
153204,0.06581737965811264
160143,0.19650814401150826
463348,0.05762715960073475
148244,0.2980397062296315
143016,0.3032324923550161
159845,0.1592991362868632
306394,0.08709833027597275
129770,0.2571908682282417
150197,0.11757904162064285
134748,0.22482145338573445
143870,0.21439933109335885
451652,0.1533544607374523
186772,0.18702510289992527
482460,0.11204379688836444
462987,0.287283286236329
159756,0.2483437436861393
667784,0.21435994970847352
135096,0.0351072677685518
33854,0.1769445368117131
1737,0.28034982117889595
726612,0.14740296405247802
149138,0.1774342023739717
166500,0.14700237902409846
132376,0.15148280430948385
354336,0.2831395372841093
137270,0.188414855871552
176912,0.2302866381882534
517172,0.1940251851582746
154948,0.2758696350691544
180405,0.3002175877139982
238128,0.1575354636321654
424054,0.241124980769839
394101,0.1406210785137374
150775,0.24260841992428664
152583,0.06074784851738574
182576,0.18134211146121115
225490,0.23472770080936364
141966,0.2374934988757413
178296,0.301240690785448
678858,0.2295172754216029
142956,0.05948118997190991
366179,0.2936131423421394
153776,0.1603720850451988
154950,0.17479995312125846
650411,0.25084958851785805
94480,0.06912854601047252
164770,0.18699040955215088
423004,0.07423010367616982
157734,0.12197918977346058
643259,0.3437037878646059
372374,0.13285277159372513
462823,0.30129916816925884
483434,0.13660868230210185
209739,0.2897180429256291
403007,0.3011849417086571
544343,0.3295391798129282
161552,0.17375334910695733
190614,0.1876002951566712
225423,0.14883092073693138
150281,0.17795604987096375
261820,0.17364106500141513
132146,0.2344454393972447
136044,0.19218896229527704
579046,0.13239159161596425
745030,0.2646540386678077
420121,0.17842426944651107
176352,0.18280221531731372
137466,0.25340716067700925
176965,0.21688279211285325
488236,0.18384256419293651
367061,0.22149937568461764
146224,0.151084330286643
62618,0.1702925078824782
441610,0.2502260088647261
441294,0.2787738111104653
227588,0.18197815524420807
377076,0.356690259132278
373147,0.3081513576792265
473547,0.3056879891853632
439146,0.2751343824823518
147047,0.32291157527091496
628841,0.2017894392386854
135631,0.11880029920970198
182247,0.198364177964404
669491,0.17938445285247007
135796,0.1866593199389319
541259,0.2696949233742421
717700,0.250131826431175
137057,0.11063479947567256
504417,0.1840257327684579
576891,0.06951881163728507
149808,0.12321588934719024
483986,0.2444763376651422
248546,0.18030500575157948
423871,0.008228509611912044
194703,0.3058106322170559
133306,0.2997892689328358
208200,0.362668588590678
439213,0.0951587178007648
413505,0.2904822825481634
773500,0.2667977158035984
388160,0.20098838923854176
151250,0.17496731970966764
172349,0.14105999073721073
150410,0.27345893418852985
670608,0.23256927906449576
446275,0.14160185421795068
150412,0.16661920732826654
470326,0.14766819968990533
147331,0.29937730865318163
726272,0.1408612469289606
425300,0.29934428956786824
521580,0.09185000758351032
160676,0.15055290658976975
141875,0.3278243217871621
294087,0.1632848654849087
284789,0.20629327236419212
157498,0.16124405053290874
466706,0.14831840397965512
149790,0.3050443695860104
143725,0.2545667583375043
450126,0.2435032239086632
659251,0.18105406779719627
414139,0.14324843707487242
580449,0.247271851593696
387513,0.1770255786280744
610209,0.19105917820647425
188374,0.2289034582335209
259832,0.2736440063394111
143758,0.19248284688916656
510253,0.08556128185539078
222039,0.22763895204824425
142802,0.13232776710645186
256357,0.16637867426589678
463212,0.07378873636742696
369756,0.2211930983754904
774165,0.1670957452209463
671043,0.2901506848384455
247641,0.24928763439623106
132551,0.2755645374891033
773519,0.2601204157854011
156388,0.20599614936313546
690581,0.29291655510619274
555613,0.1997811952781992
180459,0.20812876385978926
678744,0.2463042271430135
462665,0.1339991237266708
160184,0.24235789998375185
540820,0.19461179899436992
138463,0.13263668242153656
55828,0.12896879031312802
131594,0.20588245233365235
494097,0.12042597690742035
262720,0.07095384677539764
142344,0.09092394640793028
375606,0.09540943271145468
242246,0.2443901672644961
554991,0.2090996661776944
509076,0.04202873265967882
726430,0.25408114313348795
47315,0.3397436352586392
134622,0.24969661722537054
128460,0.2584288134748254
134303,0.16350359065971246
474976,0.27130892088285435
363879,0.04609374192056223
131775,0.09700688359871544
161031,0.2362668541583748
438799,0.21427421435036956
156087,0.324679156829122
447522,0.148368147012065
159018,0.2843261619575317
148639,0.27576277639075475
231003,0.04047291170540973
265673,0.21974438247405714
482414,0.2202033207794869
297484,0.3418833182951303
154176,0.33063598389081905
461888,0.2517663597612609
399834,0.2733648504146803
727199,0.2693188797333126
457102,0.29542870051496084
152129,0.34669018820336706
33509,0.2809757202023218
172240,0.3082595827759668
145446,0.18246699951001374
738616,0.2684288343243195
200094,0.19743999877095295
179295,0.15759401897445055
157739,0.1090582072932454
137619,0.2168278894735864
668114,0.2961632418861687
141987,0.04951014611401175
726386,0.09858516021857397
233584,0.1828896941663865
422310,0.2648368683533962
141587,0.2430375860521126
358641,0.2068903814100468
361378,0.29577330073028746
188303,0.2158656033830993
266446,0.3096873239755546
135111,0.06675408510045573
445394,0.2886140693639845
467868,0.214661294560364
404217,0.2221216392148085
482451,0.1951293142980884
225398,0.3387428329255981
208305,0.07488588863507206
142917,0.2382826702703985
140885,0.2188768425788669
134881,0.18168970158109526
297522,0.2797802301844658
142709,0.025405004287809813
490414,0.20208404197192686
146912,0.08664020625866574
274202,0.2938499864712976
139512,0.12446132391104706
158622,0.31675054293472177
266252,0.0897408095250665
389735,0.1516455771157123
139191,0.25866579727663097
609951,0.14201443291503227
432169,0.16098326737241025
291323,0.2229455419727846
236461,0.23493023373807104
463079,0.14272946598458702
136713,0.2550602322327181
193559,0.2641783074341363
447970,0.10516187808390087
92638,0.3242052281147693
137868,0.1954510859106276
150567,0.20328918089305648
143517,0.16878814029682201
161394,0.2784159962024189
271065,0.2295798865413781
403966,0.2641225964918463
368374,0.27710739836451004
172112,0.1962983883034121
463688,0.2917689895958442
147143,0.1975883591890139
137601,0.20872040579167425
604849,0.25051907752283803
420581,0.1898397844791376
391915,0.05310372896019222
532101,0.08018839642979887
603462,0.10700105468378864
561693,0.13335167117905744
174594,0.2449343375425144
230945,0.2455196369012242
132676,0.2232148118342364
438750,0.2608053163708413
302979,0.2015990179450685
68491,0.27819170946613564
440291,0.1874347297994
722920,0.1172242375217302
132416,0.18652179735257374
600440,0.2658479358601059
387264,0.34018085628711
365955,0.195485429486256
184406,0.18103572816422575
135163,0.0570827978645373
136991,0.054597726401321225
135690,0.04529480357624252
144501,0.2354005767259284
368813,0.14569054835562284
199977,0.1888210877444858
469505,0.16371566993591094
136574,0.0819651000607044
150697,0.1852288485812349
543405,0.17925910924022673
773916,0.2044751584865702
403523,0.2040975416370834
205056,0.23050752911007855
217452,0.1976465592570572
554480,0.15179581787799598
206233,0.1299851855924829
70182,0.15377690260236804
134951,0.08247917612750791
161452,0.12517432173337714
175340,0.2228137469843879
677594,0.13099249908614696
68415,0.1929098472278448
4512,0.2860612085614668
630778,0.33446404846898137
576995,0.21167576796190465
733208,0.030624198042373433
585936,0.2234535570582856
426422,0.3192400375138401
405455,0.17752361165656794
225506,0.18246821957670648
137228,0.2789928050498862
143224,0.06811955453696082
370554,0.14845562273998808
612270,0.087425488749801
299907,0.2631221705234322
136393,0.0525872625416192
521782,0.1017703348197474
394130,0.21675650263148727
457452,0.1918887695417583
72070,0.22759885304954236
453210,0.02622873590461522
191779,0.06170297250245069
405318,0.11965712584631287
404779,0.0924199553141723
149342,0.2015080594984977
216691,0.38958429198842803
296598,0.07791300754429556
467775,0.22820687464587264
357423,0.15713749349376346
728867,0.1697225517544537
129298,0.2733896020664386
130386,0.04469145569464583
166211,0.2824351575094174
435313,0.1903404112809196
156862,0.1783955270237301
457150,0.22033396102051592
499025,0.19452842550747576
450712,0.17794308639814213
172313,0.05298711623672359
526632,0.20193095490464907
147153,0.1789428752647415
464795,0.16181846067896227
158971,0.24913176234076795
666050,0.20913539762497366
599138,0.20027558943879895
403145,0.12673137240595514
131005,0.3787210723938581
141668,0.2942359532003306
528080,0.3195342469972236
632816,0.2816949606740097
464923,0.16022694656280756
151554,0.227473602873274
172467,0.1070087192079168
267056,0.22247348922792912
471226,0.21641737750171366
135789,0.03352514434726467
200281,0.2749155562456425
12577,0.2268905731282661
364848,0.17378963552123272
241526,0.11278738775479825
152235,0.1134170592748707
369755,0.18471694717508771
147815,0.16427178766446052
93772,0.21903071210987132
138958,0.13718382142141225
67541,0.2120156672396497
170181,0.2057645575036891
667534,0.18218376000326952
649724,0.16381177010536074
145433,0.19176273700081514
205621,0.20079855259099488
774063,0.15773457265478588
378098,0.09688168317718383
19317,0.22781586412749236
530968,0.28281206343925674
150861,0.12660417313630073
245391,0.21306627303070932
146542,0.07820263140346552
66000,0.2537226089990221
429185,0.14500468838665226
657636,0.2603586019185775
534437,0.058173018429071466
444468,0.2973605235173949
467649,0.13519123606211128
190538,0.12343078803818668
219423,0.16787743690177415
29814,0.17350273555370874
231790,0.2286628376071139
417671,0.05914086673524505
371636,0.2974140721675481
659545,0.2768506827157172
148921,0.248945755749438
150040,0.1878372467736827
176924,0.05019935544568383
141621,0.3211940897151101
94740,0.183207886481232
271122,0.14398186197544738
524122,0.08926555628117805
140013,0.22319389806201503
305772,0.2096587965076911
150209,0.25045660035918743
136506,0.3124956571862846
178894,0.13004923808500213
383003,0.14272389018918955
374895,0.13159175215242366
461621,0.13758693973257582
157028,0.2926660309055709
372652,0.07510723167076817
166221,0.19241423456760545
401848,0.16883648820459246
142064,0.4189183898064151
361630,0.2598034817949115
430262,0.2121899307451229
181577,0.3525309397397412
521232,0.13217488880731762
191532,0.28238446218180896
95404,0.19776187324230227
224499,0.2856742692414413
219489,0.2921912270010078
432241,0.15079756608977887
599050,0.06882864988946251
439271,0.2229946535218953
689328,0.36472307058546416
468991,0.21743549115744404
146572,0.1913360757377317
439086,0.21772737841228731
128719,0.2547002171576336
148333,0.09014400983460427
540834,0.18417447437964035
668311,0.2175491406969816
236849,0.19299618388834933
231732,0.1267061980246454
374942,0.25679903149459804
2101,0.2594238682998584
141850,0.21394830855242455
152293,0.2406371105697981
409755,0.2334093926810244
137628,0.10653364214178457
137353,0.1153385611210934
659027,0.2861295757102357
631718,0.1402898344872678
139536,0.295670978269161
145744,0.0617043793303883
98906,0.200271402171376
267026,0.20229228452224732
464455,0.1400972078314199
182573,0.2436485567117863
142846,0.2357170951610187
451448,0.1952033108275376
147784,0.20607307178765852
217797,0.2730452370238756
154788,0.4237108124915557
141719,0.13073001888793895
136757,0.12250178565643766
150827,0.2328305371418261
145940,0.2785967418284711
447259,0.11728863830412893
464118,0.13236562093380955
95165,0.15336306016159165
175360,0.05529229507677863
394567,0.2164770748481453
661580,0.29756940012763344
291217,0.17580085705065587
240980,0.23202495858840175
166794,0.3235414417181414
372441,0.14039871601577364
632815,0.1256992725456451
173512,0.17748191646932626
429457,0.2815257574520722
428848,0.2502396401866427
135315,0.32142941527737223
446796,0.17907972948972928
171572,0.1096736353857476
240665,0.25542101275060786
248070,0.3364664959073241
375496,0.15438017754082348
540617,0.2094145170597861
175532,0.22459016187309505
144057,0.21914692828994886
387716,0.08484042177740497
51202,0.2728720387894741
773703,0.049800003404437035
144914,0.1904487103135992
271568,0.24905765274136865
262777,0.16082443258233312
191040,0.23656268789751445
174847,0.2799189831411281
145905,0.15827435867291365
136803,0.10679835492093373
230062,0.2177167630793059
530389,0.31167050820101505
143152,0.2580234308437537
270769,0.1763724840085221
131168,0.1059218591313227
151841,0.1889394273109399
137534,0.301371548031717
406292,0.20159209143645648
733047,0.08528640901452357
351886,0.11045316466782808
377909,0.18148440687511536
424841,0.09402483104821227
186031,0.2440776106004728
424066,0.17622161032385872
451719,0.18171665255701672
446401,0.2849296310536402
462154,0.23006596828994466
152964,0.3559708212461635
147209,0.1991957740767264
183769,0.3070566582168711
280458,0.2598969437641514
136022,0.22389680375991755
475004,0.35293712921960496
773371,0.27287323449763323
374271,0.2975381360531215
570450,0.06596039419420081
407066,0.1417387772763793
638937,0.1506858330520129
135936,0.2814561383869569
144812,0.2560159856701638
159372,0.2355131472894422
502914,0.16677971751169018
256406,0.0038913423604719217
139859,0.3084345242415596
129080,0.30665926508849295
409047,0.2088901170090196
165367,0.2248263595289572
473912,0.2117862366003177
517361,0.13218782500461293
461873,0.31192027558735896
382902,0.2504652258439702
482453,0.28092792669488137
446827,0.27989062889545746
644473,0.07617166259557448
394590,0.035134624618550964
190260,0.0
265717,0.10692015158772362
152587,0.220152315447242
499359,0.19899659579107384
137725,0.3352201904217024
139463,0.16671199775546636
374872,0.07121676596479735
172146,0.20310754671665568
417390,0.3752683615536757
194534,0.11993177134785313
414141,0.22442148519997815
151402,0.19709589732190846
419633,0.17329260717406375
436402,0.2543116609939106
135638,0.13900954158613546
355392,0.17374399898727794
135172,0.2168048607849444
142827,0.3083180958675038
133636,0.07645066642859907
373583,0.2845692072755672
167653,0.0626477832129074
429296,0.20600747241616255
175559,0.20684933133908512
187867,0.22376458314613792
153839,0.023764020682265845
240781,0.07791812872724374
140751,0.22587773180619045
484895,0.24739356133260795
171867,0.1766952805895354
131443,0.2830178499516009
190209,0.24079760378187146
209741,0.24361754929769874
174596,0.2555036382129998
139255,0.2683930407082134
148606,0.3065442036239868
403388,0.16982088262250325
136499,0.14466872669295794
146270,0.06105578946246404
200021,0.12576446824431745
96497,0.2585243972547404
334504,0.13905667851238734
517054,0.2607074499927816
690515,0.08883538999147803
156628,0.1277510672532633
775030,0.1759573186071268
458099,0.09396379824518096
140336,0.2313273385284432
178533,0.174037446100417
138619,0.26884092615494337
611616,0.16734007176612267
133335,0.13374391177442815
147169,0.2953148568621448
135695,0.0911380055902455
145862,0.13602633893719562
143516,0.2388183696295827
484189,0.15018195045726102
151453,0.16962100680314812
61734,0.12016761939183478
489145,0.19953742842607436
499361,0.20205885676930885
630300,0.1627754400372929
139019,0.2085424788385584
473318,0.12906292240954448
143441,0.06789796155500666
92783,0.2579857275224853
400451,0.3031916460556925
164759,0.2162151113748948
403188,0.2625013141051721
435699,0.10337738807429013
135593,0.15454773482631046
248768,0.239413523004926
68627,0.2556014512991581
462693,0.1819462543490923
143021,0.17032882817272754
774128,0.1866871435678126
323589,0.2633314316012807
141542,0.18790425818423076
173033,0.3154284850567344
152755,0.1570335377085289
446793,0.18913405835939814
770095,0.13381773824965845
494155,0.10770496175354996
146795,0.15416610229174188
465003,0.27580132963534365
137569,0.2026984759648888
192162,0.20363105335073686
66748,0.20654164703152045
385240,0.016652945903000704
190249,0.3222786187908353
678501,0.05812038436416714
265271,0.2496050107740293
238865,0.255389641839151
463829,0.15379751039138204
353547,0.10466036818404068
294594,0.22135449477703545
230234,0.3564938846913493
73455,0.17011256402001598
251890,0.17918021879208
146243,0.17607947651915062
152029,0.19958522536440965
440842,0.14878502012109693
222078,0.15995901847803246
12430,0.2420705094291797
581209,0.15158717456360926
147720,0.34747959041806803
668379,0.25028709394050896
199461,0.2217307068479595
157273,0.07949296953941372
143820,0.1420831112574492
466299,0.30820360768398625
464624,0.0907094876014098
641067,0.18338731704300745
450184,0.1959173232105387
134953,0.28910744760631363
442548,0.12634796942784873
132682,0.18483367070758366
148307,0.077202520451475
453511,0.18639388583528865
457284,0.20551043847543204
140831,0.18327284235616875
528822,0.28680578251873234
588968,0.10288075071802792
145603,0.3082560905599526
15461,0.2109905475233591
202785,0.13698195632277418
490068,0.2144048039341109
499798,0.08594485186874327
133146,0.14895720975057805
185063,0.23330398214796744
136339,0.21146247876994215
410793,0.3373626300500385
94444,0.19477505178798074
450583,0.2882944480549253
372119,0.2278256962932012
268545,0.2152224601127049
287817,0.2499501023055884
375338,0.20225271005817327
77723,0.22287977297279074
149130,0.2498920514493243
156636,0.23037277444409074
130883,0.07682023113914692
142910,0.3086481058003052
450555,0.11854320964966365
694647,0.30177950489085115
178843,0.09873108270053592
222052,0.10217583389877144
285011,0.2377572898727593
102607,0.27991065699708306
375260,0.18328413677862515
142442,0.3882387549721932
559050,0.08219594231456209
134596,0.2657816179119394
149961,0.05887978456349562
434452,0.30468431265242435
158275,0.20456662197604664
382967,0.1696546289802972
253457,0.28236001985574577
154045,0.14425364226376133
224401,0.2724164527543894
601927,0.31718233508466986
1604,0.2175578562239172
137145,0.16842463243469616
148382,0.1796273343007462
157575,0.11778216032069927
152197,0.0784823451394509
135530,0.09393333510142762
158736,0.2397109846558419
679961,0.16275468386823416
244091,0.23028155295744304
457400,0.1440830473957916
238136,0.22151124122210356
643534,0.06731218396090981
545853,0.2417510465416501
179615,0.2128282089487278
504877,0.2987908296049984
451147,0.2528004600982533
145336,0.22420675805978652
412383,0.2342803316375566
144113,0.15165613066896474
439907,0.2895532436420004
529032,0.3147026923310545
256462,0.20894140998690414
180753,0.1608235412008871
139213,0.2330103688020509
148719,0.13557466857725164
397431,0.2153364241797977
9571,0.2978913764391195
262709,0.26493966389454743
441371,0.06304038388715394
527241,0.03938494491653978
385074,0.14115348583451953
184783,0.12702301393960602
176220,0.2458155939653352
139181,0.2630461651685578
139556,0.12541307691486714
463524,0.204581990144316
670744,0.13711339540419484
397156,0.13153436838389293
273965,0.2531264090868365
160227,0.10982768724047397
140948,0.05640329597911356
134221,0.04907465182280812
259671,0.038353926754662336
385461,0.1911592490953582
256751,0.30671377317221543
146383,0.14972620878145376
200023,0.13774892750818482
95181,0.0629442134943915
534596,0.19170396878530246
178933,0.23254307587048864
203238,0.1551938657403901
161130,0.2895252696877364
362180,0.32221246065243064
474726,0.27796081830257313
160172,0.2697340004801804
173071,0.2703202983134639
145861,0.3189786246141859
154141,0.05285507910694731
135238,0.3339306907159637
464303,0.12266329038183145
205281,0.045643438831533184
137336,0.276256565848995
144565,0.17409155633814946
149143,0.27433886997831913
386782,0.15595126156977185
64342,0.115029692106598
467242,0.13065713975535562
468560,0.16748782330212514
457469,0.17588153568524256
439423,0.10867054306944997
3934,0.3678826693413904
439422,0.06736513469145605
166548,0.24128567997052885
151560,0.2552676359382
143544,0.2642018747183901
55209,0.244412140976704
187399,0.2500191475641739
689349,0.1329805303625807
427619,0.2504693052891778
487278,0.18520768653119046
495634,0.2697973826587177
143733,0.17867762163145484
145447,0.1137379722943861
135907,0.23274816939898976
387229,0.10296056640079047
134763,0.3044669685151565
172594,0.24248645888318796
463935,0.1863385677145921
636514,0.2232695062074984
490440,0.2675432653016678
238667,0.10247985781340324
291268,0.2255639487625515
529031,0.14495661395815185
64967,0.1597238716932121
177049,0.14064190898976425
155484,0.17211776715866806
600290,0.2584043914219062
267577,0.22955650498623845
155379,0.09509642667349287
496754,0.28202777429375003
463577,0.22080745138415606
385781,0.2658878459548648
464052,0.1414545812117446
161388,0.31326129630301197
217794,0.2285594177831525
239031,0.1722936828880086
650709,0.2089768075557412
142552,0.16268724238773294
142616,0.2043947307938027
230950,0.14171404793321718
181481,0.12226038356939847
277837,0.10043516520252488
135699,0.3513976488094664
650256,0.19124805175238
461296,0.2394934459322621
451653,0.17283458383575476
482991,0.2383206130345377
149644,0.13446349619914952
152683,0.07185495980234445
248681,0.2907753390165547
171862,0.11419082106676524
555963,0.1619923256156459
432802,0.2434881749886939
27818,0.2094503078216524
161777,0.3654481251406013
503578,0.14066676598642874
462042,0.043503699641672285
400208,0.25312336463457996
407767,0.10086374156355636
157737,0.06878055525435314
414311,0.2837321522885448
630522,0.10135823988094884
435026,0.21114276481475772
156282,0.0833434132725072
464516,0.1692889938889934
387279,0.11813793024512985
264717,0.17568126385034444
148976,0.1961865850859128
385076,0.2551700856478352
156852,0.09812756656843637
545661,0.1697564816004552
182457,0.24631776968879224
144131,0.08934732703056464
484649,0.24125904093383535
202896,0.17967657989173208
152263,0.15926977660223318
145306,0.2890529556869059
157789,0.31535256388322713
137626,0.2912726341937242
440006,0.1338034899395152
408046,0.05773590971992248
200126,0.15876369862411982
466986,0.12244459590188085
372550,0.2437637794515801
230938,0.22243593542442552
13115,0.26383037232461604
157424,0.317130146639319
238690,0.2769414574813965
773869,0.1362647386224532
146958,0.19296327066603106
185193,0.2018578188039625
95899,0.28893668067061884
251361,0.22662417449421185
140380,0.1410863415158592
362400,0.21142197439011548
138044,0.1880051464146421
148601,0.2489545048334213
138171,0.2459222563943461
161030,0.2630105498737732
490412,0.2407965468157575
613559,0.08638299476368125
147868,0.06828038766910696
561744,0.2386102838483043
151380,0.1716990725516251
774323,0.2431368834960953
726123,0.2167248409873554
160318,0.17689443816757675
131496,0.09674070735313764
726609,0.2862992728932662
670181,0.09676352453666116
175819,0.24834809609451575
197822,0.1389387485719933
440241,0.08646315232094688
94939,0.055883496194341416
410203,0.19444247840808232
132902,0.10568551177216788
157628,0.2312773476129077
652576,0.10256800569661156
434667,0.2017280977028688
159832,0.26521946835857035
616760,0.22281429520064933
424801,0.2311156928814237
143521,0.19389312209187776
462019,0.14738035686612388
484599,0.1674916956799247
140388,0.1451598360070515
30081,0.16589218524148716
525037,0.24453872641855115
559049,0.3335970443748452
178372,0.20495728263669727
157430,0.2731529666330018
143560,0.2666125651947457
297426,0.2994568188578908
568593,0.2566092681583652
426008,0.2864974892948256
241533,0.2615189909042573
170280,0.2606295478726784
142653,0.2997820932079765
146522,0.12848254195817874
177956,0.2313633793891999
657578,0.2565987464338496
414156,0.16888351354920128
216252,0.23519440659102064
182602,0.3510195237495716
591554,0.22534643971471746
291623,0.2456786448217446
390831,0.16928238542512494
154606,0.3357865330931715
133027,0.1089560670616262
774312,0.2544438762621229
442212,0.15584569764423106
465001,0.27499155780008994
136907,0.1341221557559494
490183,0.22397306033535375
435769,0.2353179186860454
97318,0.3855958812762532
405564,0.19584030222470392
600995,0.2579699319520339
103504,0.2888813018632591
153507,0.2855267999152814
522059,0.19213440409361726
219163,0.2688262713519707
438719,0.2613808904791797
488737,0.269474138952044
149586,0.15811219298987772
5425,0.12657807310919145
128335,0.14171639836745648
200037,0.2473475692353544
259791,0.10367353965583187
567037,0.3052026328664455
487413,0.3189471787828003
158527,0.20790279931927846
438693,0.19396172708375667
143170,0.07144554882735668
504883,0.16502823053014407
499320,0.19680206127585587
370041,0.23206685326540802
484501,0.33089162235311764
183814,0.15027381911902296
174651,0.1416955401751134
667493,0.13049644740005487
414310,0.22191092462001533
205378,0.1753799234657918
550368,0.22082677332438452
726119,0.22220591971238485
190561,0.2760501528402691
156839,0.2690117285291524
446856,0.19816120140880286
403333,0.11537438537480205
152148,0.1530708460269664
375639,0.2656153756895951
262731,0.06498867739175113
495526,0.152530726434268
255811,0.25690561335150536
185463,0.2330610518235331
670937,0.2580087058548482
403006,0.1123227808970506
397142,0.13037043113997887
138092,0.2902518194091398
733046,0.15296107627206795
426427,0.2902378275796575
451011,0.28796363724298
65620,0.21191742503435307
151900,0.20048348407799835
149046,0.2263315422947424
165925,0.0925971436668314
136831,0.1084488946191964
193547,0.17836917151644055
147910,0.24908374113098644
558942,0.0687630787585724
482445,0.0959670512652093
467569,0.3129050759236336
241657,0.30264732271926914
137124,0.09228346022323636
137705,0.050822603135475763
137272,0.0631494896474086
661800,0.1958538560158124
183529,0.2239992036794158
447947,0.15188785823424986
136948,0.12043590585966342
283820,0.16693446031709372
146255,0.1307141801621262
153468,0.2106062085347128
585930,0.193196254965564
136403,0.2332029727174457
723589,0.20586593553552648
535640,0.09290430792069262
149540,0.11815026774586113
718031,0.17140703320780035
199996,0.22908939302150125
54610,0.1495285709569626
137327,0.18118832696137965
57467,0.1993484072919976
65680,0.3221532116965214
769374,0.19773798200971607
497044,0.3330657507190552
225968,0.22513399799172248
393592,0.2776113708822482
412601,0.2947302992744501
29108,0.30026328062592783
397881,0.2685958390130656
67212,0.2553577590269936
225743,0.20334827581881845
54289,0.3316166862195476
686713,0.3246935904777664
52666,0.3401367198364159
184439,0.2826585289167057
56471,0.24594592948981275
59305,0.3203057218304187
225787,0.2191840118071987
249772,0.22271402236074592
97580,0.2881586391104315
57156,0.2865432973771499
351241,0.3406585802043845
61791,0.306793051597034
498023,0.3119258344484204
102267,0.1984599987961228
57042,0.26026579008848405
460320,0.1774543447789297
68061,0.3640527127625117
63541,0.3652763180719764
89583,0.2641107839922153
304369,0.2762943658717053
46855,0.17308048461533873
69365,0.2525936808939228
56116,0.21941514219293884
121871,0.2225337591963131
449349,0.36347381311456106
185665,0.28635029287114405
477789,0.21256336110096752
460314,0.3085680789018119
83946,0.2891387568051698
536612,0.1993208521265471
56274,0.2731127848484089
1912,0.1885878189585828
1733,0.22286133800610816
173039,0.2371093089615455
166149,0.21552357481222395
52814,0.2593840996000257
349034,0.2767465406346015
57362,0.3106737424199469
176700,0.2446380769845515
516067,0.2352024754062686
671,0.2720329345804728
180135,0.2839513718870472
233935,0.22092714587551096
415300,0.265026786740576
393463,0.2641550315973646
80701,0.2544719389962151
99637,0.05853298289112688
181618,0.27368134225165663
214497,0.3054487176416573
62720,0.28637754269657223
178051,0.28113433556082634
13256,0.3161456186428143
63506,0.2606672120911694
345615,0.2944258374817988
107884,0.3604425915716199
648235,0.246907013091384
67919,0.2371670938138087
164273,0.23707023858719156
412827,0.2828712502528058
8037,0.2349348773876433
642190,0.07994041645320267
366259,0.26019892986460297
460336,0.22295853197764925
477798,0.2933849280646214
204409,0.32627812308924675
393493,0.1979378205235832
542887,0.15943948261755012
159205,0.2678702249849801
190428,0.21759085528721545
214478,0.30047502784391983
69446,0.2257747031964132
250993,0.2465894614647163
52460,0.2658919432396508
56755,0.3286805132225077
578706,0.26520409542417445
743493,0.303569984785353
411155,0.20033351501825195
175895,0.1962584012691304
57453,0.3569604332068944
176719,0.2569257155381884
478221,0.25077153491797205
344807,0.2717264074889054
66716,0.23576760570517305
62619,0.3136213739274376
437616,0.2779394343022525
438097,0.2819182646962282
223305,0.2737996954138744
351679,0.3256843639721846
351152,0.3025216821792629
380315,0.24137706469692194
437963,0.2427295519581139
67336,0.2758376363330237
628815,0.2278287978051933
56427,0.2938712371715112
181146,0.2687435696172846
587842,0.21272875257713705
56494,0.2526291490656133
577384,0.2681374751407291
717537,0.3320029578602963
57277,0.2428691144656893
502438,0.19921867363782805
574018,0.2644341750040089
68999,0.247352899946
477500,0.3113457193302537
236052,0.3018882202872483
415218,0.2327991776533868
193193,0.3018748020854334
204324,0.20235563171370535
437430,0.19866310805125928
399701,0.3407459061281016
771178,0.20550853410030034
384853,0.2582279840685965
91870,0.2986299655700084
165340,0.3397577386758507
69552,0.28792993588843124
582693,0.22253158675260767
443427,0.2604463898137535
69553,0.2967358026839965
380256,0.1807684338355613
67513,0.28186293299113124
30306,0.21130621960177096
413228,0.24545745211670555
519711,0.3453942197223325
65664,0.3111209715030067
62661,0.2917464275405561
286791,0.22370905638339594
273878,0.236352912669408
5619,0.2103511756648626
227236,0.26560122189866736
68980,0.34071869683885314
64938,0.3089651169381857
449380,0.35949952517468464
655916,0.23641263460373416
399341,0.2847964329442185
578852,0.2561972762629853
384576,0.24961323557559464
605123,0.2095543859417644
187888,0.3172785135092273
250574,0.2636105312634804
64969,0.2221953100366128
508843,0.2303830224238977
213918,0.2903930979299697
63378,0.3382452035524208
249980,0.2829828634441388
460415,0.2694626498367916
349022,0.24251599821843856
757936,0.2843990367808662
670963,0.2895553621473932
235888,0.2656989120037286
52880,0.3305037725180344
752933,0.3038065360622173
3438,0.3235279036835189
100499,0.2923206041613151
551620,0.1858422610793086
180153,0.2215889300975752
80224,0.31560517922884795
460217,0.30881985540433793
57679,0.2427126283661657
538473,0.2139054398129236
58873,0.31620033760719274
55823,0.26328122834751994
50633,0.22225574389977365
490907,0.224160069871654
251186,0.2155647001753981
62996,0.20139697533353187
351501,0.2763007339678595
234896,0.2912676860196666
552476,0.1778898332081272
508900,0.22203684346297733
57513,0.30449874336442323
2358,0.2574774084624891
56093,0.2343987554925643
37225,0.26507583951961106
55735,0.3178584715455128
379578,0.3058783407608441
345262,0.19455804830625453
51425,0.2729517455927242
49885,0.3461836660739189
437536,0.2083447399361219
2847,0.19720537914953687
444170,0.30888823187187103
97628,0.259231668477205
68228,0.30023699405745
226250,0.15656455678355655
263520,0.31826103770381786
459886,0.22105307321912934
287580,0.32580518175843937
14933,0.2551445489971753
460298,0.21552789545484952
396121,0.2948433605559844
384926,0.23696678404750035
456218,0.3118403952634277
97121,0.293876513348794
5969,0.28821759487056386
162951,0.33568954987440314
66011,0.2340345394811109
738328,0.3161350816666598
195519,0.2074796344490236
179190,0.17239720846429096
8197,0.21886361197920406
57487,0.28528983808267183
345840,0.2312528306600155
62733,0.3127177162717007
66388,0.30693002908135675
147022,0.25747471673325595
416292,0.3294367213815208
62504,0.25862308628338165
348834,0.24521959012459965
345979,0.29882459642663395
187711,0.28071169423132025
263691,0.2405101607800837
56275,0.1616085538026584
444098,0.2506346204188913
286918,0.24061563044571915
399634,0.29679534028014065
477008,0.2819539016631003
214471,0.2860678530711813
204342,0.2815474396096074
63471,0.3243412067949029
61646,0.15300256693717726
56197,0.3081784095670216
287592,0.3137148376083578
63251,0.2313189032924853
690052,0.224517762526228
67184,0.2856831695976784
271754,0.2486240193861574
59398,0.2618744735304264
91764,0.2869027365042345
263663,0.21727046792009527
384593,0.3100920726826746
59192,0.2481087082462609
606744,0.25857452573023226
429753,0.22496179371256173
286254,0.3479142835164696
233668,0.2484782311146217
460394,0.2596508267005361
57133,0.2983444962599046
192950,0.30382226228190423
443571,0.29036893995453017
539768,0.29252352070075066
57792,0.2665319353866204
69788,0.1677839275339701
64685,0.19112289314711856
155916,0.27184481572599306
264598,0.2166551890155143
396113,0.2283593838306125
345790,0.26198362278869136
138450,0.25552055272665714
188375,0.25325301102467196
67402,0.28553428751637466
57486,0.2777201439605873
588559,0.2754767027327881
416134,0.1645521269464371
384786,0.22927850738206504
529503,0.3404980450696292
594865,0.2878115835966398
558140,0.2558651914668646
174209,0.2530611457341046
226228,0.2114387425680968
53175,0.2025050964942659
437666,0.2253755255368275
300518,0.19244091448810946
68493,0.33694045097189484
437423,0.24965831999245494
73515,0.3605930797069351
52823,0.2926432865085045
588430,0.24869892824437514
381193,0.3106005709418862
345799,0.22382523443782024
183327,0.21367143197130276
56277,0.25427458988689705
57262,0.3096112495243918
128807,0.3646545032386572
346854,0.3756058750637129
195493,0.27841522000137064
379583,0.2644207822104457
57051,0.3126891559311761
69989,0.24490187458024645
542281,0.3136512851825121
756934,0.2322689320187009
398851,0.1885906400988187
203574,0.285206869791988
213075,0.20634532057475527
552169,0.20381558934238256
204067,0.2903857367228385
52577,0.27773699515076394
56216,0.2846042619489702
156883,0.2805098053934406
174765,0.26547489216972997
677518,0.2459593377607724
57311,0.3212144411813913
4511,0.26457195471883
628422,0.29459931605416184
574062,0.2562326230506297
730569,0.3127388701528808
583935,0.3264439663401288
413124,0.3514850969222784
393644,0.30709847318653755
214502,0.2661286778010292
57356,0.290813870752147
64114,0.2503673328826144
348802,0.2669564940097972
606404,0.3123835958884361
293609,0.30579366513789463
56984,0.271952866157988
519478,0.2635378155145134
393713,0.33907704541613803
456727,0.2669429723007977
68422,0.22861041974367535
449669,0.3147619391182673
191442,0.3047689253382285
398814,0.19610372414749164
392279,0.1885265036731985
68592,0.2748500993303304
216677,0.23737994751567204
287364,0.3122529862101461
227080,0.29482812714592355
349124,0.2793690179583581
728084,0.2948930819717138
41643,0.31016359686189826
48077,0.21374902037231897
165765,0.2621737881793748
431409,0.18246199105324795
4477,0.2662336726305592
96656,0.2890849776999293
496671,0.2388337584793121
448222,0.2454185380242249
164880,0.2619361038796147
525630,0.29565701857970444
2631,0.2114051797403006
97002,0.2651380953969184
665283,0.22348221155870676
573759,0.2323782386075738
398069,0.32075362180819034
49470,0.29883511603816165
62521,0.2723260718809552
525535,0.2143735107467176
629858,0.2658334257164629
64680,0.22247203373088395
93447,0.2685652380042188
167087,0.20874727097903856
263798,0.19088051674789844
380845,0.22462092779359266
195548,0.3491025097001995
5645,0.22757171592255665
348619,0.2577977776473205
234766,0.3051459738135305
97549,0.31993700300316985
67764,0.19220557342297395
93431,0.22093274785052366
59121,0.23501072323102185
49247,0.2112979637370309
169683,0.20779089138558202
667322,0.3370976838564986
645124,0.20418422450968565
66008,0.3034664657927483
203701,0.17119537219898184
750729,0.1705252141619934
351337,0.31684311134343063
48144,0.2751768362340159
529543,0.22366658038524104
84975,0.3048839289537548
235477,0.2219636920022675
67024,0.2738006500697165
57440,0.2612526277914393
411529,0.20706378742926715
656356,0.19772556201078395
533092,0.18802404541547035
443944,0.27298647602236004
226868,0.293813274360671
190400,0.2532546915403943
213468,0.2317606151481563
3244,0.3177471442728275
226415,0.2659469572662811
415172,0.2863980843078176
346893,0.30455368641122754
656758,0.25684367793614554
68387,0.2463066369746791
69243,0.3114979293589655
176703,0.2130427090910301
62505,0.3021313135597281
66296,0.2953952695365479
264605,0.21988990868129876
522608,0.2194145874917036
60155,0.3193196590141007
301057,0.27968151248321804
69369,0.2714723932597469
57022,0.3070367678295667
178705,0.3235713956696156
381297,0.2418706187168366
351764,0.2802191461395394
460328,0.2324378734633031
4735,0.2531873219358196
350857,0.3019884772630225
165766,0.3056117690464428
395946,0.29499263935590936
62831,0.2649723387925842
345515,0.2369863693039018
416119,0.2940520947959384
180958,0.2546561035294385
518994,0.2049749120351702
190824,0.3116354315691808
54091,0.31927936185998984
214365,0.3371585710333497
213479,0.3182841732604125
431463,0.1717151591870164
588363,0.2754997043427968
437577,0.22250867201341806
263518,0.2856482682288788
380194,0.2179460784206274
67046,0.2451794566871823
437950,0.3878980838393387
37699,0.2595583288645066
68095,0.24865548770484056
538749,0.27204741348107897
235459,0.18712496690883013
233704,0.2292612464483302
226405,0.27061648740258715
350648,0.2450125965262471
2102,0.23637275635948574
62645,0.3324050673456233
97581,0.3162236329226373
399345,0.27712323108692793
57488,0.1745952649259738
57414,0.15095716296777764
655338,0.26142277122156976
628544,0.17507519482126122
59418,0.2836062733184594
66210,0.27479473336495003
52768,0.30118372758717665
263785,0.16020809775475825
678273,0.3297584494234537
181617,0.2473171965302301
63437,0.32026266034037904
449484,0.28746125124976274
67712,0.3069634770591161
213127,0.24856616408279866
361,0.3024494480460688
62585,0.2517895229980258
57155,0.30152065689123303
84897,0.21693427033629986
66365,0.2663499105549538
444200,0.3218946566334556
67039,0.22458902749539636
174993,0.3134583023214124
393073,0.20166272161273188
660508,0.22923083815585085
286205,0.1937041070192967
234618,0.2586241631567494
166736,0.3224558069887149
351656,0.2416445398920096
170999,0.2564178505627364
416371,0.2429689513581403
417174,0.2900837519642375
56336,0.3496583610994732
443622,0.1653826851401382
106684,0.2656645546147496
234506,0.2745657980163648
235977,0.3446884187932944
351180,0.2415731429923829
540164,0.3639721838844714
175120,0.22912642383550896
124982,0.27225268256952595
384208,0.1709803328567812
2230,0.222554998610096
754462,0.2344137700978987
65270,0.234353079060556
267211,0.2823139020302889
251206,0.2147225928697649
190780,0.3265198196476068
174374,0.2949088131834156
66345,0.3500849610429457
57190,0.19662782857525504
226083,0.1861649962843988
529401,0.3322567001924633
63919,0.18366978005570447
264565,0.2295579801396333
49780,0.21586520347432506
95006,0.31107501580433616
57471,0.2747755424477669
392481,0.3880312817365853
732415,0.2436822722212057
344197,0.2775196974417857
351386,0.2925063709514925
412915,0.20441229785109424
185517,0.28614026737754644
449392,0.2693739410037577
444212,0.2395121190752595
460412,0.3273158450124214
101503,0.2072437209690235
67446,0.2986831823740391
183172,0.29869283159625426
272914,0.21019988088949715
56706,0.20500567306108447
380367,0.2823507442316092
761699,0.26301535282450955
351607,0.3000025342486797
565522,0.24412152010503535
398782,0.2417152754025179
638695,0.10176923913646582
56628,0.3306781559296078
65013,0.29670767088790523
103037,0.3118829961148982
501765,0.23173187077013865
249991,0.3164045257050081
59880,0.2139087704018617
40243,0.17888550777517834
397835,0.2346930321016621
165339,0.3490537930039586
380223,0.24747161564467565
516235,0.2807849881083386
460365,0.2731557075454673
381174,0.4165373164799802
477149,0.23103192676832554
444155,0.2458614428000856
605205,0.21919862614290173
393607,0.30351951721419645
190028,0.32279281937438115
263531,0.2577392216238688
497395,0.28399278798651345
57532,0.3227197943478529
59390,0.3280618188761549
351626,0.2499796908763509
139889,0.13705712253645755
416220,0.3131833128516942
193170,0.3062130476420631
92542,0.27089379256936497
416676,0.2397309148074458
431894,0.2081233540284223
56428,0.2614120173940093
348846,0.24552235441879305
63434,0.2908952295981309
55106,0.2167140834141396
350799,0.2307405968372769
167366,0.3064971554695868
412644,0.2793926491041405
175141,0.2677445259881327
254104,0.2409485499899205
48828,0.17805813549560334
234556,0.1587033905881524
61526,0.3183325505839655
480567,0.2916720253368029
117064,0.3385644581733738
50277,0.2242888859947524
190015,0.23654562309909066
59250,0.28087205436013624
68207,0.31375438019156315
399638,0.249394104097572
57001,0.3172268442031599
66766,0.315834708030098
195506,0.21121607288269886
96498,0.16136804466417326
314113,0.2649890972475589
516445,0.1926316314872476
187703,0.22409231494138487
4047,0.2214384899440638
749804,0.2693256484341461
456693,0.27819665723780235
60793,0.18297268170261055
178189,0.27661232735882035
59074,0.34190164236684883
608560,0.2098221731887414
54312,0.21803580522454988
67403,0.2809836267950736
66331,0.27407465375755363
477108,0.30375636335612066
92752,0.1833685517287529
53897,0.21380670423180465
479059,0.3091066189677232
628663,0.2443664418214031
59132,0.22317848161435197
380321,0.20269908762226885
64560,0.24118878282422865
92782,0.2314160059468804
398847,0.2907820721412813
164210,0.2573812558289673
399803,0.28763188920222943
430430,0.2037178999727234
56406,0.19698315675034592
236090,0.34898522965336903
68623,0.2255666952115971
460290,0.3215304615767634
761142,0.2991348033018391
311978,0.35658180535045697
62488,0.3200658019940445
169073,0.3003465199522436
100505,0.18868327685522066
770090,0.21515232054726366
493998,0.26296042520037033
67173,0.2573993754141907
48825,0.2761911273442421
57483,0.25499344450894473
192036,0.2456749121569071
384674,0.2362491814710554
190025,0.3104346951931147
58844,0.26853019075138906
263432,0.2487023926641913
234103,0.2289261977712496
115284,0.20369076455564303
344206,0.2603776938933515
286948,0.2120514622456604
226112,0.20913567201147826
63676,0.17700791541831545
249035,0.2342438345404033
66758,0.2229907245480485
96667,0.2256469232553969
432787,0.3098900892560327
213931,0.18894576726325174
1452,0.20799970222342445
578639,0.19312066874012
67680,0.2777022679476945
479223,0.23196266600318874
195407,0.2399484392159159
5089,0.2757428782993
121456,0.22438719725628067
227301,0.34832915987453145
77685,0.254238990629696
77101,0.2892349799739533
448103,0.23233068565303544
56226,0.19081742482757647
437738,0.27543560879514245
53192,0.266230493679471
68075,0.2579463321350313
448932,0.2881728536878659
456685,0.2801580728520602
61626,0.3158392582334261
524227,0.2716353304933777
588440,0.2323491472091393
66103,0.28153454259946953
4174,0.2997016941792358
196047,0.35208009100283605
479724,0.24215204685612146
498006,0.2374787809919467
53949,0.2571015303892677
184262,0.301229156619344
56922,0.32389844522651196
399582,0.2323500996436693
60012,0.29606537256333715
448776,0.2663742367006388
351714,0.21684744425100091
264058,0.25789991272069585
284745,0.2947601720953576
351763,0.19353377880082975
179325,0.2326511630881535
68488,0.2670898928802627
4049,0.3324329751990866
49087,0.2288144150324907
63464,0.22090054329094708
449554,0.3465258191175731
694530,0.28326906762500664
178686,0.22373226197862472
213923,0.2013872828509767
273941,0.2389040298291548
104426,0.2393227482486096
350627,0.22942613785756805
63077,0.2967675308929131
557223,0.2812121024324401
56090,0.21273963257703765
69085,0.21205999370653947
431753,0.25290594455591625
115291,0.2523021017626857
380268,0.28442680541116044
249423,0.26325334995920363
33679,0.2207208114237133
214341,0.2944307581520879
587725,0.25800629257303176
3439,0.2904993509824085
57310,0.2475467001296113
68115,0.2547081438551294
5812,0.2522134415814997
97362,0.3058095042574264
56393,0.2567425866635001
93347,0.2671764571655155
679856,0.20538156350591474
235125,0.3352780368304855
456668,0.28813042405537376
640994,0.26498450472832424
541601,0.2404235758217159
179457,0.3241278220352036
498220,0.3053042949904143
449567,0.3154294639741107
65853,0.22280674600216255
397800,0.2315639044319774
144041,0.34874385485347464
438347,0.2891980906760945
526279,0.2823347698730925
249999,0.24413826008206846
180670,0.28368016110178906
59204,0.2827967931094278
68267,0.28089053632767724
394916,0.22489692378811366
4332,0.34297275690498424
251184,0.3621905307059271
437502,0.2150385252356337
525530,0.30347054788788186
384600,0.3273553562207123
184205,0.2849521565271235
175259,0.28071377886025844
59191,0.27524312566420994
59422,0.28698583099406944
100187,0.28618263285200035
472446,0.2922118353741319
395983,0.24083546301068054
273964,0.22040918148663224
59976,0.2859606170703301
61696,0.17248808066392854
55681,0.30922319177443675
250528,0.2025861310131588
384777,0.3162664318332195
250027,0.2702245762923993
66851,0.22572544078350065
53710,0.2351818388990413
532742,0.30560584247457884
178713,0.2891947289667631
198199,0.2996174325322632
150786,0.25714977635695185
347681,0.3545678475894789
378865,0.3111220606085971
57560,0.3322018141974051
170146,0.2503249606619974
14095,0.2061305912514657
235909,0.300983927332006
533,0.3688598723673429
203613,0.2559402450210645
57412,0.2725820645616096
129710,0.23814411030326854
383619,0.2450474427379473
64341,0.2470436626934363
226852,0.2602897428442739
380332,0.218637927389775
456683,0.18345399845728674
438008,0.2455753331062224
3319,0.3192210631272936
166157,0.2577027213221532
93449,0.23872188433890498
64707,0.296769752158698
3371,0.34451666187459
186219,0.2980558457631886
689091,0.25074298711294
409592,0.2719972930702282
479726,0.2030808984218784
494010,0.3025242551496877
64951,0.2444095164924649
56598,0.2490545053021001
384776,0.24712804547034956
56117,0.29468700418055466
167111,0.2673695509356395
178225,0.2439398140684171
636271,0.2819094992790619
480199,0.2826397811578941
234060,0.3480342183708566
286227,0.2897065344036415
5854,0.3310886637013717
176755,0.2412754090596984
1775,0.2531651179122429
595139,0.2163858620225951
263960,0.2815878875482602
1467,0.2578331335829207
459891,0.17234481033225588
182569,0.24565424294894064
381283,0.26315059697978355
170995,0.2854826501037211
155906,0.29860073238343243
234142,0.301259181722614
648474,0.2951609382578941
63187,0.2479807782774657
63208,0.28027488756831004
226230,0.16617457606698774
180950,0.30445490345729953
272536,0.21320942217667094
649137,0.2826058948809324
459973,0.2649708870710436
471143,0.3354296014134927
68813,0.21743044001566894
100110,0.24095095785071136
236079,0.3250136882034092
117049,0.3178537967201407
552591,0.2827052057707469
431827,0.2952139543598118
62640,0.2780424554686117
160731,0.23603228707419804
502137,0.22577563022245695
459908,0.23111190584292265
399691,0.2874043052519682
399590,0.291054418986532
8186,0.27411138245490985
395031,0.3059101246945644
628738,0.2599680675066424
431520,0.2453313787227729
3232,0.2768732943593325
20363,0.2658058772554158
381218,0.285672596103798
262385,0.12090505021662128
68400,0.2868236478577123
4473,0.202422772415754
542046,0.19728919157065952
181200,0.3418074456740632
477512,0.2901241978935568
196063,0.22236446722022105
65815,0.21762114748538106
9400,0.28815800932192304
436845,0.2604162410781297
399576,0.23442747043802775
195524,0.27407984125419776
227370,0.24587871089796826
351051,0.3061153951751313
226226,0.271217433380564
2193,0.3038806284194941
5400,0.21909134835944336
234065,0.3349736212907612
750900,0.33225757114582005
67205,0.2727782786459373
184325,0.2930007217719696
1635,0.2307543757010071
247594,0.2525881324974606
60862,0.26214106715152025
345533,0.27594955478936883
58275,0.4247429105788675
58365,0.26083145229341576
49822,0.2970808369511159
478592,0.25211599082377506
608559,0.21642064507350048
67838,0.3264687210121482
560877,0.2457953616672474
92486,0.2387685473111189
761957,0.2810599131168555
19661,0.2903845346978779
61209,0.34127738204785474
50321,0.2988615669050205
226828,0.2342766607208291
175231,0.2299929545045065
195133,0.2873917059703794
437378,0.2769930069720442
94935,0.30927956681098123
398232,0.2901302915361274
53712,0.19870515380761594
5994,0.2370521474304047
647274,0.1642814351144463
431440,0.2709366178218952
87768,0.26558734868802025
615626,0.34021716567779103
411888,0.34657357647260617
64702,0.30870426286433583
459894,0.2363904906324936
477289,0.2487974102190659
60870,0.2302407214681713
5935,0.1534467051749469
522965,0.2431890156851132
178094,0.2569677893245407
5405,0.2733059751899021
64729,0.2384108824305039
287563,0.2694741712932339
566331,0.28409827491071343
411181,0.3042821714765228
169937,0.2159568784517808
63222,0.2241247238476188
67021,0.23055637782600966
177522,0.2879290296609267
656847,0.30282673548995864
393615,0.26490222380190004
212847,0.23376310506569226
184601,0.2774172381948039
590881,0.21438046744481
286314,0.27137345883620456
384939,0.28045904304901825
25915,0.28517497360824323
53779,0.18251073817700714
772455,0.29301785105080536
437982,0.2586529767119673
57234,0.32661902754320504
480575,0.2625093890006027
431754,0.23824601553493105
63153,0.3259707833130299
398849,0.19464021097751733
594088,0.21234132160077415
103490,0.3095101961135772
103295,0.3156665475683501
519045,0.2139326864833233
213424,0.2781125152085656
438147,0.30947413989128186
479226,0.3145363697839129
68784,0.18090607889961866
5426,0.2690534929083065
36146,0.3739682451236329
195509,0.26372058720455444
250559,0.2483443658894434
566450,0.248360686512956
479948,0.3033858808313185
91149,0.2237483314861355
437524,0.20542305812748432
63942,0.2450157153338416
495833,0.2434550404610468
345925,0.2616746399638354
477673,0.28172175353153944
57925,0.24067998913687846
174239,0.25618206279607525
345842,0.33169529514075263
203637,0.2269262755503613
547358,0.2491491170216392
190415,0.23618672097818755
4455,0.2505669533966405
444117,0.2362543358035448
397757,0.3255356465793439
97138,0.2967905648730643
351414,0.3386345105641955
251188,0.20746369758069305
494006,0.2745958717783981
249850,0.322660573712053
184360,0.2633751332405936
668414,0.14807371853554832
395885,0.25474154802039833
58310,0.26305122380551765
449370,0.2845755282222978
53777,0.2192834930448254
95767,0.2450615257115024
68429,0.2870575350473958
165746,0.28609776921431984
57191,0.15315698417384302
192141,0.2112200647073952
67849,0.3073010094203489
557114,0.2740765583448971
227279,0.28903359834472514
234786,0.2919829666528763
57288,0.26458608820604884
57512,0.2708411358919177
660910,0.25139592436691155
183071,0.2054126395715196
443580,0.19239703030987845
57242,0.3027098766376317
273669,0.292086931961172
103149,0.28621340973521503
27011,0.17929957894213833
532554,0.1889135087980341
68710,0.2255181829656896
686807,0.2072680323337845
195498,0.2765676868045956
2450,0.2443674860988501
57411,0.2776024296554442
